ra,dec,hard_hm,hard_ms
14.447865,30.356997,0.020880800000000001,0.082099699999999998
14.449831,30.354861,0.105349,-0.36118899999999998
14.450265999999999,30.355383,-0.262706,0.16811100000000001
14.451335,30.354438999999999,0.051990399999999999,-0.23830799999999999
14.45174637,30.35231108,0.058197699999999998,-0.83223800000000003
14.451805,30.351123000000001,0.044459600000000002,-0.62907800000000003
14.452181420000001,30.353610440000001,-0.115761,-0.36142099999999999
14.45283467,30.350552489999998,0.037150000000000002,-0.62846800000000003
14.45372551,30.352446,0.194939,-0.144146
14.45437091,30.35433338,-0.029026900000000001,-0.62137500000000001
14.455537209999999,30.353265140000001,0.023237299999999999,-0.84024600000000005
14.45764731,30.35545218,-0.39156099999999999,0.248664
28.24741921,-13.732620329999998,-0.075373099999999998,-0.121098
28.2514152,-13.73739234,-0.037875199999999998,-0.218274
28.252077060000001,-13.73865305,0.180288,-0.47315699999999999
28.254628269999998,-13.73872385,0.39574900000000002,-0.12271
40.270045450000005,-8.2557409400000026,0.58887199999999995,-0.0425146
55.049289700000003,-18.580869229999998,-0.115164,-0.55676599999999998
74.233262679999996,-4.8665904400000004,0.012712599999999999,-0.16112799999999999
74.234639869999995,-4.8657737399999998,-0.037073200000000001,-0.66100800000000004
167.49017506999999,-37.539154740000001,-0.013171,-0.51735399999999998
195.03394141000001,27.97693048,-0.0039936299999999997,-0.38210100000000002
350.05742958999997,8.2105752600000006,-0.057655600000000001,-0.48994799999999999
350.06054885999998,8.2062459699999977,-0.11389199999999999,-0.67958099999999999
350.06346819999999,8.2096611399999979,-0.026261300000000001,-0.63600500000000004
350.17220083000001,8.2160431500000026,0.12817799999999999,-0.13611599999999999
350.17711098000001,8.2169699099999995,0.0234754,-0.64120500000000002
350.17948803000002,8.22037175,0.31112299999999998,-0.15762200000000001
204.15920837000002,-33.965328569999997,0.14299899999999999,-0.40876600000000002
204.16264684999996,-33.965819359999998,0.096178899999999998,-0.49028699999999997
187.37628681000004,7.9927413999999999,-0.039697400000000001,-0.049914199999999999
130.90871630999999,50.205658419999999,0.020308,-0.63900100000000004
130.91533555000001,50.201096410000005,0.075490000000000002,0.024151800000000001
151.30471388000001,-7.7135628399999998,-0.10778600000000001,-0.078358200000000003
151.30522647000001,-7.7194435199999996,0.15745799999999999,0.0030489599999999999
151.30559987999999,-7.7200253099999996,0.20787600000000001,-0.088152900000000006
151.30742835999999,-7.7169256300000004,0.18965199999999999,-0.068786100000000003
151.30747215,-7.7128940199999985,0.21558099999999999,0.040266700000000002
151.30751982000001,-7.7191609499999991,0.066291900000000001,-0.167186
151.30805136000001,-7.7186104700000007,0.13262399999999999,-0.22332399999999999
151.30812415,-7.7178182799999986,0.122684,-0.186671
151.30850543,-7.7190373700000006,-0.25867000000000001,-0.028017899999999998
151.30874650000001,-7.7159273099999997,0.18762799999999999,-0.043404100000000001
151.30934275000001,-7.7157408699999994,0.14847099999999999,-0.140653
151.30941229999999,-7.7177258899999996,0.16761200000000001,-0.15834799999999999
151.31041963999999,-7.7218866000000004,-0.062939099999999998,-0.036954399999999998
151.31119344000001,-7.7204155699999992,0.26729199999999997,0.047125
151.31169666,-7.7151303199999992,0.243176,0.055185199999999997
151.31207855,-7.7144219400000003,0.071943599999999996,-0.010313299999999999
151.31310307000001,-7.7146643299999997,0.18174799999999999,-0.12927
189.98994216,-11.623931320000001,-0.0142031,-0.086767899999999995
189.99051656,-11.62089125,0.049423799999999997,-0.17389399999999999
189.99145777000001,-11.626373790000001,0.29058299999999998,0.038207600000000001
189.99243007000001,-11.62100459,-0.0750392,-0.26359900000000003
189.99308922,-11.62172273,0.212371,-0.076012300000000005
189.99358171,-11.62263186,0.12943399999999999,-0.102934
189.99415225999999,-11.617080919999999,0.147816,-0.19157299999999999
189.99439491000001,-11.62444919,0.14452699999999999,-0.14217099999999999
189.99453119,-11.62632925,0.29950399999999999,0.017141300000000002
189.99484090999999,-11.62366742,0.28850599999999998,-0.086283299999999993
189.99487206000001,-11.616751950000001,0.28580299999999997,-0.26755000000000001
189.99537538000001,-11.624691589999999,0.243285,-0.29504000000000002
189.99550027999999,-11.621169289999999,0.121422,-0.30896699999999999
189.99594144,-11.62321685,0.23664299999999999,-0.26081900000000002
189.99611014000001,-11.62219601,-0.074043800000000007,-0.192107
189.99683221000001,-11.62478728,0.0579087,-0.253299
189.99689470999999,-11.6241732,0.083556099999999994,-0.070664599999999994
189.99757523,-11.624264399999999,0.150843,0.0011403699999999999
189.99761308999999,-11.62311381,0.15206800000000001,0.00682651
189.99800793,-11.61730942,0.062631300000000001,-0.227881
189.99891622000001,-11.621293100000001,-0.029149700000000001,-0.72742899999999999
189.99897892000001,-11.62341226,0.13500799999999999,-0.13036800000000001
189.99911360999999,-11.616772310000002,-0.044218399999999998,-0.018431400000000001
189.99939483,-11.622751859999999,-0.0555364,-0.384355
189.99968193000001,-11.62799399,0.111166,0.146256
189.99996479000001,-11.62434758,0.18363499999999999,0.0162373
190.00019409999999,-11.61918275,0.148034,-0.12603700000000001
190.0006683,-11.6230484,0.070394100000000001,-0.129635
190.00138326999999,-11.623297429999999,0.21258199999999999,-0.14405299999999999
190.00182677999999,-11.62176268,0.23952399999999999,-0.38746799999999998
190.00219619999999,-11.62341558,-0.11884699999999999,-0.217918
190.00230556,-11.62813437,0.069146299999999994,0.34859699999999999
190.00273358000001,-11.624155829999999,-0.026057799999999999,-0.30772899999999997
190.00274376000002,-11.620204749999999,-0.24013000000000001,-0.074770900000000001
190.00287438000001,-11.618015440000001,0.053954799999999997,0.00284783
190.00397584000001,-11.61911218,0.059532799999999997,0.0192535
190.00410701999999,-11.62140492,-0.027538099999999999,-0.34173999999999999
190.00438765000001,-11.62339996,-0.080625799999999997,-0.78952199999999995
190.00532082999999,-11.625006839999999,0.19759699999999999,-0.16281399999999999
20.027877709999995,3.4153986199999995,0.199654,-0.50282899999999997
32.081753860000006,10.9994321,0.412325,0.011747
32.087821791785323,10.995917502704062,0.081351400000000004,-0.087573799999999993
32.087936840174059,10.994836376401487,0.067191000000000001,-0.29058499999999998
32.088487632989519,10.994220555173138,0.0026912699999999999,-0.045856899999999999
32.088490191962187,10.995290183856804,0.032414100000000001,0.21384700000000001
32.089680479253175,10.996850758467557,-0.050767399999999997,-0.086898000000000003
32.090135080000003,10.994834630000001,-0.18301000000000001,-0.20485800000000001
32.090644219999994,10.99913538,-0.101231,-0.32462299999999999
32.092385916692912,10.989542049581072,-0.11145099999999999,-0.015901200000000001
40.092388555002508,39.064250346842371,0.10619000000000001,-0.17413400000000001
40.095194524648669,39.057128640969431,0.0615618,0.0394621
40.09669568517414,39.065247078363448,0.249061,-0.048946499999999997
40.097398599999998,39.058829629999984,0.187084,-0.075685299999999997
40.097980111488802,39.061967177286576,-0.057662600000000001,-0.353773
40.098273542923955,39.063929807666263,-0.061474399999999998,-0.26637699999999997
40.099119260000002,39.063966699999995,-0.15804000000000001,-0.086132
40.10004217907759,39.06328532907856,-0.0096602900000000002,-0.202904
40.10076531,39.061551960000003,-0.20252999999999999,0.14341599999999999
40.101504046578427,39.062810272636867,-0.077753100000000006,-0.10806300000000001
40.101600282130612,39.066193564017652,-0.039836400000000001,-0.024355000000000002
40.104722085005925,39.06832327015082,0.078597399999999998,-0.0251025
40.104860757663644,39.067523053931346,-0.084332199999999996,-0.12323099999999999
40.105163605262462,39.06581190131822,0.070770700000000006,-0.035537899999999997
40.10855034077823,39.063886282232218,0.14185,-0.12818199999999999
137.8950504,60.037923450000001,-0.070451399999999997,-0.0219911
137.89967182000001,60.031942860000001,-0.054029000000000001,-0.14379700000000001
137.90111856999999,60.042484700000003,0.053305699999999998,-0.054219700000000003
137.90112310000001,60.031149720000002,0.14949000000000001,-0.0480224
137.90234111999999,60.036366119999997,0.054785,-0.256851
137.90234957000001,60.035561569999999,0.277447,0.102146
137.90451684000001,60.037425939999999,0.19925499999999999,-0.10370799999999999
137.90559837000001,60.0356217,0.26542500000000002,-0.34920899999999999
137.90587131000001,60.037503639999997,0.153701,-0.046027400000000003
137.90591053,60.036642299999997,0.067565200000000006,-0.031545799999999999
137.90947704999999,60.033787580000002,0.24787000000000001,-0.38652799999999998
137.90998615999999,60.036633870000003,0.145039,0.089697399999999997
137.91378399999999,60.032743869999997,0.28498699999999999,0.0365616
137.91605301000001,60.037174810000003,-0.122589,0.072847899999999993
154.60365400000001,21.894804540000003,0.148366,-0.37914100000000001
154.60587462000001,21.897638480000005,0.141287,-0.40353099999999997
156.82661490000001,28.507440500000005,0.036343899999999998,-0.24237300000000001
161.9263814,13.985916359999999,0.033444099999999997,-0.210226
161.92682123,13.988206900000002,0.043723100000000001,-0.34499200000000002
161.92813530000001,13.988137200000001,0.098386199999999993,0.10112699999999999
161.94872513480146,12.581402777560946,-0.052197599999999997,-0.352877
161.94924847203069,12.584629797519003,-0.024921499999999999,0.228461
161.94991469000001,12.57934378,-0.084112099999999995,-0.62008799999999997
161.95188969460648,12.583612175076276,0.044862100000000002,-0.17349899999999999
161.95253421000001,12.57479476,-0.073807600000000001,-0.19935800000000001
161.95355286,12.583041729999998,0.035092199999999997,-0.015677
161.95385754818312,12.587411347052001,0.21834799999999999,-0.17275399999999999
161.95450587714649,12.582156544616707,-0.0129614,-0.18456500000000001
161.95460381867693,12.580210730884188,0.12113500000000001,-0.0637437
161.95508312890016,12.575451023196841,-0.0118061,-0.105614
161.95572689593243,12.583121783435367,0.0202712,-0.225357
161.95629170823091,12.583291970487018,0.19214000000000001,-0.15107200000000001
161.95661550852799,12.581623965724768,-0.0076161099999999997,-0.27081899999999998
161.95665329082996,12.58396401742119,0.14858299999999999,-0.062990699999999997
161.95680016,12.58092939,-0.241145,-0.077380199999999996
161.95695413467456,12.582757753293221,0.0118581,-0.15790399999999999
161.95739629199869,12.581092924682942,-0.138378,-0.41041299999999997
161.95750570100299,12.581942219156682,-0.095387799999999995,-0.140066
161.95815655000001,12.57900199,0.047542000000000001,-0.16975499999999999
161.95823512999999,12.581163199999999,0.047185499999999998,-0.35282599999999997
161.95827464000001,12.57955932,0.35824699999999998,-0.074130000000000001
161.95831424625393,12.582463592094632,0.13061600000000001,-0.0756632
161.95910632650748,12.582015916251894,0.128137,-0.174368
161.95972667094108,12.585150982540259,-0.0155266,-0.051642599999999997
161.96028316221074,12.576927752021238,0.019822599999999999,-0.120952
161.96052397885205,12.580651484432302,0.13681199999999999,-0.16145000000000001
161.96164514271251,12.585293453384887,0.046740499999999997,-0.084339200000000003
161.9622296,12.58280414,-0.075336100000000003,-0.27051700000000001
161.96250606999999,12.5774066,0.37403700000000001,-0.20131299999999999
161.96285624000001,12.579128580000003,0.39347500000000002,-0.11597200000000001
161.96317557726655,12.582852816805174,0.0212182,-0.35436099999999998
162.06982384,12.6283748,0.13735800000000001,-0.152058
162.07105805,12.629655300000001,-0.25831100000000001,-0.0052845100000000001
162.07294242,12.63233659,0.093306700000000006,-0.109613
162.72242188999999,13.414709650000001,0.187667,-0.10589899999999999
168.86231483,18.110386259999999,0.028963300000000001,-0.402416
168.86314328,18.109992009999999,0.24035300000000001,-0.20266300000000001
168.86871624,18.10709477,0.10945100000000001,-0.10349800000000001
169.22771546999999,18.05143404,-0.046827800000000003,-0.52131099999999997
169.22778302,18.047582290000001,-0.20065,-0.39165299999999997
169.23050931,18.053083769999997,0.075660500000000006,0.038469000000000003
169.23166538999999,18.053683830000001,-0.022772299999999999,-0.109637
169.24557582,18.148501540000002,-0.094973199999999994,-0.28545300000000001
169.24672301000001,18.14702063,0.21493399999999999,-0.0974444
169.2467484,18.147756959999999,0.062912599999999999,-0.16153600000000001
169.60535048,58.78631415000001,0.056689900000000001,-0.24356900000000001
170.27973233,3.2291737699999996,0.099509100000000003,0.23576900000000001
171.18196886000001,38.762853409999998,0.16333600000000001,-0.187055
171.61119309520907,57.047842941989899,0.0105056,-0.70009100000000002
179.48398334999999,55.453635499999997,nan,nan
181.75604752000001,43.071073839999997,0.25144300000000003,0.090030200000000005
181.76305209210693,43.065720240543172,0.066445299999999999,-0.65051499999999995
181.76345280000001,43.066958030000002,-0.16242599999999999,-0.419325
181.76573935000002,43.063435270000006,-0.14424699999999999,-0.20265
182.64044483000001,30.399461369999997,0.22431799999999999,-0.095281500000000005
182.64466153999999,30.399541610000004,0.041575300000000003,-0.31378499999999998
184.52906462000001,28.175297570000005,0.14555199999999999,-0.32963500000000001
184.53226169999996,28.177428230000007,0.327459,-0.21470900000000001
184.53437096000002,28.175392330000001,-0.142956,-0.30668600000000001
184.54041377999999,28.172005149999997,0.068215600000000001,-0.022336999999999999
184.84056372000001,5.8242876499999996,-0.047408899999999997,-0.17707500000000001
184.84263795999999,5.8246065800000002,-0.034249799999999997,-0.18321399999999999
184.84371612000001,5.8287008699999996,0.0595071,-0.51985899999999996
184.84411209999999,5.8269051999999997,-0.081985500000000003,-0.73228800000000005
184.84469664,5.8287208000000001,0.162636,-0.19827400000000001
184.84561998000001,5.8231379299999997,-0.0152575,-0.30019400000000002
184.84677855999999,5.8249198700000004,0.119759,-0.56264700000000001
184.84849048000001,5.8275066999999998,0.0756328,-0.17006299999999999
184.85034333999999,5.8242570300000001,0.092388100000000001,-0.076635400000000006
184.85082979000001,5.8249757600000001,0.14424899999999999,-0.15024000000000001
184.851235,5.8181948099999996,-0.0557531,0.082758899999999996
184.85276679,5.8242491300000001,-0.078439599999999998,-0.034770299999999997
184.85391025000001,5.8255896600000003,0.0143246,-0.17452699999999999
184.89678687,5.8493109600000004,0.0043282099999999999,-0.053877800000000003
184.89716727000001,5.8471138500000004,0.14407800000000001,0.026084400000000001
184.89958676000001,5.8487760900000003,0.22232399999999999,-0.164857
184.89959006000001,5.84578211,0.26273000000000002,0.062045400000000001
184.93703740000001,12.79673024,-0.104995,-0.24181
184.93848210000002,12.798283359999997,-0.19927900000000001,-0.0152715
185.02096756529491,29.284399960032175,0.210483,0.040386699999999998
185.02180652180667,29.281309247866023,0.079411399999999993,-0.27519500000000002
185.02180766914739,29.277761611449989,0.19884199999999999,-0.14640400000000001
185.02285863123222,29.277991165386883,0.093406799999999998,-0.077026999999999998
185.02299062037193,29.284877028032902,0.085061600000000001,0.047266900000000001
185.02375209345857,29.280555721005332,0.23472699999999999,-0.033890000000000003
185.02387716000001,29.286062570000002,0.054905900000000001,-0.53822999999999999
185.02475891821135,29.285808810823617,0.30734699999999998,-0.117975
185.02476877999999,29.281083150000001,-0.053265800000000002,-0.31031999999999998
185.02506378031188,29.280701609021449,-0.016104799999999999,-0.36699300000000001
185.02516075396804,29.280119455472413,0.130856,-0.087946800000000006
185.02594475000004,29.282621179999992,-0.19608900000000001,-0.072392100000000001
185.02595669578278,29.275415893600574,0.149979,-0.21060699999999999
185.02631071689473,29.28612602521736,0.016522599999999998,-0.13911899999999999
185.02637102506392,29.278818731951283,-0.040931299999999997,-0.12665199999999999
185.02660467969932,29.280153308264147,0.13148499999999999,-0.52412400000000003
185.02671286,29.273206070000004,-0.19398799999999999,-0.14413699999999999
185.02708569999999,29.283015269999996,0.0229438,-0.152804
185.02717669,29.27910142,0.0022410899999999998,-0.47531899999999999
185.02722112109959,29.285007026427827,-0.0329939,-0.32684400000000002
185.02745092000001,29.279935070000004,-0.15662799999999999,-0.363653
185.02754516537314,29.287275954771193,0.23078299999999999,-0.107839
185.02761104000001,29.278143400000001,-0.0234294,-0.357435
185.02834468308322,29.282216452996657,0.14146800000000001,-0.15954599999999999
185.02840204055795,29.276842753105239,0.057255,-0.033870200000000003
185.02840800695043,29.279274386970112,0.10373499999999999,-0.172431
185.02845625833692,29.280759878158364,0.038683500000000003,-0.28223500000000001
185.02879179575066,29.283251133835822,-0.0131384,-0.14602899999999999
185.02935707663056,29.274729807259583,-0.089032799999999995,-0.26734999999999998
185.0297122909563,29.285919070760965,0.017754900000000001,0.0011240600000000001
185.02972111,29.27746268000001,0.099638199999999996,0.117841
185.02990337,29.281123709999996,0.38792199999999999,-0.20460200000000001
185.03033741664458,29.280166309473223,0.017406600000000001,-0.544983
185.03039024531103,29.282285997895556,0.25362000000000001,-0.236343
185.03105933119875,29.281598692287336,0.130438,0.15195
185.03140989426538,29.276047208115546,0.26005400000000001,-0.014282899999999999
185.03185918005659,29.281654009547818,0.11182599999999999,-0.27331899999999998
185.03211064713307,29.278906056100809,0.27981699999999998,0.080180699999999994
185.03287237000001,29.275554639999992,-0.0844414,0.16109100000000001
185.03306233999999,29.282542489999994,-0.039803600000000001,-0.47150199999999998
185.03342824000001,29.281178640000004,0.071340100000000004,-0.044657099999999998
185.03343691000003,29.281777659999999,0.096934300000000001,-0.086613399999999993
185.03357217999999,29.278327309999998,0.013550100000000001,-0.41523300000000002
185.03369624999999,29.278788349999999,0.117545,-0.054452399999999998
185.03390497000001,29.283269460000003,0.39452700000000002,0.050303
185.03402753,29.274371360000004,-0.113275,-0.116845
185.03650884000001,29.279015230000002,0.16495000000000001,0.20686399999999999
185.08470575000004,29.311930980000003,0.078871499999999997,-0.025621100000000001
185.08575673999999,29.310367190000004,0.18889,-0.62066399999999999
185.08686396888405,29.310942186560798,0.108556,-0.057489499999999999
185.09349542999999,29.31516062,0.55696599999999996,-0.190554
185.91170223,7.0559116400000006,0.37923400000000002,-0.111973
185.91216916000002,7.054709410000001,-0.046439099999999997,-0.033200800000000003
185.91253909,7.0539696000000003,0.106129,-0.16215499999999999
185.91260054,7.0530243400000003,-0.21095700000000001,0.095423599999999997
185.99111066,16.693413979999995,0.32577499999999998,-0.054925399999999999
186.11069426,7.3156697100000025,-0.077621200000000001,0.186611
186.11313426547099,7.3172035232251966,0.060866499999999997,-0.17832700000000001
186.11355003970974,7.3123042059550958,0.20736299999999999,-0.16470199999999999
186.11364634194612,7.3239856247540001,0.060374400000000002,-0.13095000000000001
186.11601509927331,7.3186767407275513,0.0206076,-0.037071
186.11702613456012,7.3175860789806642,0.115633,-0.383575
186.11717595542686,7.3099762844924312,0.092077800000000001,-0.18231600000000001
186.11785184351291,7.3176729402946608,-0.03279,-0.123877
186.11793186925581,7.3159803472531362,-0.016844000000000001,-0.40756100000000001
186.11830669322819,7.3183137089588461,0.114324,-0.19894800000000001
186.11891261091341,7.3181698499904844,-0.37156299999999998,0.042744200000000003
186.11917473125817,7.3148830271663146,0.032117800000000002,-0.262069
186.11924564911735,7.3189284064652496,0.20245099999999999,-0.26652900000000002
186.11982724530296,7.3243787505513183,0.018012199999999999,-0.063334199999999993
186.12025748184882,7.3122912314625994,-0.070244100000000004,0.0080395799999999993
186.12055991,7.3157402300000003,-0.000102947,0.0814999
186.12140219958334,7.3165798547031216,0.064519199999999999,0.040936
186.12200193999999,7.310877060000001,0.087468799999999999,-0.10528700000000001
186.12362758386919,7.3178236268974794,0.041794900000000003,-0.12689300000000001
186.12422062750639,7.3213069096310548,-0.025919500000000002,-0.12178
186.22794936,11.710332899999997,0.107098,-0.25031199999999998
186.23122479000003,11.70535945,0.107548,-0.32772699999999999
186.26851876000001,12.880180219999998,-0.079507099999999997,-0.67910700000000002
186.34873201000002,18.194068250000001,0.018069100000000001,-0.25441799999999998
186.34954074999999,18.191921100000002,0.053242999999999999,-0.20752200000000001
186.34993640000002,18.189330770000002,0.069633100000000003,-0.064332899999999998
186.35045074999999,18.191487250000002,-0.070444000000000007,-0.21907499999999999
186.35227145000002,18.19304017,0.26472299999999999,0.20396
186.35290288000002,18.194689180000001,0.0050877800000000001,0.14927199999999999
186.35392092000001,18.19295297,0.039212299999999999,-0.58363699999999996
186.35687021999999,18.194819280000001,0.26432800000000001,-0.043889999999999998
186.42287257082464,12.810166139430047,-0.0023257,-0.39326299999999997
186.54632771000001,12.945835689999999,-0.074615399999999998,-0.68002200000000002
186.5475165,12.95055131,-0.089326500000000003,-0.70197200000000004
186.54965523000001,12.94579601,-0.042943700000000001,-0.58500399999999997
186.55567525000001,12.94778314,0.34195799999999998,-0.16878199999999999
186.70869741000001,9.5833810499999981,-0.11496099999999999,-0.28541499999999997
186.90413853999999,8.1495265999999997,-0.20952799999999999,-0.20424600000000001
186.91838279000001,13.082223819999999,0.28303800000000001,-0.102136
186.91877949727174,13.078996670063681,0.31674200000000002,-0.25460500000000003
186.91984064587726,13.079839931918446,0.082625199999999996,0.00100037
186.92063274,13.082381019999994,-0.14130000000000001,0.16508200000000001
186.92120170999999,13.081115199999998,0.22111700000000001,-0.0113419
187.25003704,13.978372630000003,0.0057727999999999998,-0.42688599999999999
187.25256357999999,13.97733414,0.15524299999999999,-0.085151900000000003
187.26288624,13.182928909999999,-0.010388400000000001,0.049003100000000001
187.44826439999997,13.433329909999998,0.19769999999999999,-0.158363
187.45364678999999,13.429145619999998,0.017554500000000001,-0.289634
187.45370686999999,13.431361979999998,0.078082899999999997,-0.47477000000000003
187.45645823999999,13.424842970000002,-0.081948900000000005,-0.55104900000000001
187.45723914000001,13.430083829999999,0.12467499999999999,0.061433300000000003
187.45813797,13.42736507,-0.22870299999999999,-0.029712800000000001
187.50556046,13.63388569,0.21868799999999999,-0.53755299999999995
187.50791164,13.63409613,0.034867200000000001,-0.351522
187.50812739,13.63646881,0.091780200000000006,-0.119629
187.50887753999999,13.638671889999999,0.102988,-0.527999
187.50915895,13.63660439,0.090452500000000005,-0.169546
187.50962726,13.63309207,-0.036854499999999998,0.021158
187.57522040999999,12.323057950000001,0.22724,-0.30471399999999998
187.74067293000002,12.270833860000002,-0.058343899999999997,-0.247805
187.84847766999999,25.77544996,0.099233699999999994,-0.065139799999999998
187.85004598,25.77687018,0.034076799999999997,-0.45456999999999997
187.85043299,25.775252210000001,0.084384600000000004,-0.29849999999999999
187.85316878,25.777681770000001,0.34329700000000002,-0.084232199999999993
187.85397936000001,25.77754195,0.090042499999999998,-0.088556399999999993
187.85636923000001,25.772075130000001,0.21943499999999999,-0.14910599999999999
188.52527323999996,11.321157960000003,0.24093899999999999,-0.31309300000000001
188.87760115227357,12.220833388233721,0.078568799999999994,-0.38486199999999998
188.91607334,12.556972339999998,-0.055004600000000001,-0.65073800000000004
189.10695002999998,11.436321960000001,0.20305999999999999,-0.088500400000000007
189.11242773999999,11.439283229999999,0.048549299999999997,-0.23411499999999999
189.11385702999999,11.439693260000002,0.10062599999999999,-0.40670099999999998
189.98501497000001,10.173832089999999,-0.038309900000000001,-0.033157399999999997
189.98689938999999,10.174943930000001,-0.0557314,0.075675300000000001
190.50474455,11.646901959999999,0.068926699999999994,-0.086460599999999999
190.50679722999999,11.651193049999998,0.20139599999999999,-0.080049800000000004
190.50786334,11.643452789999998,0.17278299999999999,-0.0013981899999999999
190.50858188999999,11.647716709999997,0.15676599999999999,-0.10480200000000001
190.50934828999999,11.647027060000001,0.0750532,-0.19012899999999999
190.50945670999997,11.648815949999999,0.068624900000000003,-0.183308
190.50962114000001,11.64558598,0.149754,-0.28142499999999998
190.51127758000001,11.639514059999998,0.30897599999999997,-0.28718500000000002
190.51237295000004,11.639937709999998,-0.058669300000000001,-0.21614900000000001
190.51376251000002,11.647757940000002,0.383716,-0.24548800000000001
190.69744269089909,11.442684210814553,-0.095621700000000004,-0.35571700000000001
191.13326615,11.190532599999999,-0.11716699999999999,-0.17452100000000001
192.14396048000003,-5.7970863700000006,0.030723400000000001,-0.68937899999999996
192.14396353000001,-5.7997065800000005,0.124024,-0.080268199999999998
192.14746220274074,-5.7984669564014251,-0.19752400000000001,-0.35212300000000002
192.14862905133549,-5.7993657979930777,-0.15632399999999999,-0.21984799999999999
192.14878318389381,-5.8010547375009578,-0.0186079,-0.256803
192.14949138997068,-5.8007416349268315,0.061680800000000001,-0.092563999999999994
192.14971702970192,-5.7978396175882896,0.099828299999999995,-0.10917499999999999
192.14993888743263,-5.7990169959900344,0.13145100000000001,-0.21836
192.15026893999999,-5.800863070000001,0.14677299999999999,-0.0025095600000000001
192.1507986,-5.8004928199999997,0.15874199999999999,-0.102627
192.1510185274073,-5.8044802042922532,-0.11014400000000001,-0.172544
192.1513787132225,-5.8033166559708542,0.027356399999999999,-0.15669
192.15252556999999,-5.8006053700000013,0.30735000000000001,-0.41572100000000001
192.15401890999999,-5.8028341499999998,0.30656499999999998,-0.0054106700000000002
192.15405678522444,-5.8002774119463041,0.0903727,-0.18809799999999999
192.15502631999999,-5.7997363799999988,0.029903699999999998,-0.81740000000000002
192.15750071867836,-5.8017983777935207,0.0843801,-0.21041699999999999
192.41017338,15.16805091,-0.00329291,-0.27175500000000002
192.41179532000001,15.165448019999999,0.186891,-0.0040060599999999997
192.41232303999999,15.16092559,0.103022,-0.19853399999999999
192.41332718000001,15.167012079999999,0.084709000000000007,-0.35487800000000003
205.53489265000002,35.654247740000002,0.68278499999999998,-0.075983999999999996
208.35903387000002,40.281944939999995,-0.20774300000000001,-0.469447
208.36112452,40.283024599999997,0.029159000000000001,-0.78576599999999996
210.17516370378803,55.164476401357895,0.117502,-0.24407100000000001
210.17730295999996,55.164050280000005,-0.110164,-0.30653999999999998
213.33254629999999,-3.1486630199999999,-0.120051,-0.28911999999999999
226.50338245,1.6338039600000001,0.0024690900000000002,-0.165074
226.50425727999999,1.6337138399999998,0.034054800000000003,-0.39456000000000002
226.61539021999997,55.76410817,0.093366000000000005,-0.46421400000000002
226.61565397000001,55.760515770000005,-0.085319300000000001,-0.254359
226.61832989999999,55.76564487000001,0.066840499999999997,-0.35476600000000003
226.61969692,55.765261670000001,0.33215099999999997,-0.174703
226.61986683999999,55.760748929999998,-0.0164955,-0.0934228
226.62158789,55.764281780000005,-0.083243300000000006,0.040245700000000002
226.62302867,55.763189410000003,0.47899000000000003,-0.170046
345.24972582999999,30.144940750000004,0.023948000000000001,-0.217969
345.25488540999999,30.15016503,-0.0454069,0.19492399999999999
345.50403262999998,15.96478078,0.54522099999999996,0.11552900000000001
187.06099348000001,11.7883133,-0.0197372,-0.119647
187.06099348000001,11.7883133,-0.0197372,-0.119647
188.87760115227357,12.220833388233721,0.078568799999999994,-0.38486199999999998
186.42287257082464,12.810166139430047,-0.0023257,-0.39326299999999997
183.80103534000003,14.432758059999998,0.058863699999999998,-0.57645599999999997
187.06099348000001,11.7883133,-0.0197372,-0.119647
187.37628681000004,7.9927413999999999,-0.039697400000000001,-0.049914199999999999
186.20187759000001,18.194944679999999,-0.101839,-0.17179900000000001
13.72221309,-37.691057120000004,-0.097967499999999999,-0.212977
59.364290250000018,-46.210701700000008,-0.084905900000000006,-0.16642199999999999
190.46390635,41.273973779999999,-0.16203600000000001,0.00168238
190.46660700000001,41.269989379999998,0.25642199999999998,-0.59323599999999999
190.46909871,41.27204905,-0.28441100000000002,-0.18295
190.46956982,41.275489270000001,-0.059683600000000003,-0.087283100000000002
192.29815937000001,3.3895486799999999,0.199236,-0.106281
5.99978766,-72.084650710000005,-0.189994,-0.22382199999999999
6.0040810799999997,-72.081463999999997,-0.187641,-0.37159199999999998
6.0054353600000017,-72.080042480000017,-0.102287,-0.34943000000000002
6.0059111999999999,-72.079383190000001,-0.110912,-0.152949
6.0060103199999997,-72.078264349999998,-0.11200499999999999,-0.58047700000000002
6.0105575699999996,-72.079044089999996,-0.10873099999999999,-0.37765500000000002
6.0106607900000002,-72.086479729999994,0.16982700000000001,-0.17377200000000001
6.01181185,-72.080323759999999,0.051200900000000001,-0.246558
6.0128030900000002,-72.07407954,0.069825300000000007,-0.38534499999999999
6.0133097800000002,-72.079774860000015,0.029328900000000001,-0.129834
6.0134511499999999,-72.074910709999997,0.058863199999999997,-0.41076400000000002
6.0145063499999996,-72.084818139999996,0.21449199999999999,-0.052290400000000001
6.0146865600000003,-72.081114600000006,-0.135044,-0.49456299999999997
6.0154748099999997,-72.083103649999998,-0.049583299999999997,-0.30008699999999999
6.0158983700000013,-72.082345889999999,-0.018150300000000001,-0.54033699999999996
6.0164360536085626,-72.07852410594765,-0.16030800000000001,-0.55898000000000003
6.0178225899999997,-72.082803029999994,0.211949,-0.312776
6.0178318927476404,-72.078807538596237,-0.086115300000000006,-0.17502200000000001
6.0181074700000003,-72.083739460000004,0.186971,-0.32414500000000002
6.0193364417593438,-72.081586817930116,-0.021366199999999998,-0.56100000000000005
6.01938613,-72.076235510000004,-0.044162899999999998,-0.68623800000000001
6.020604539999999,-72.076954210000011,0.036748400000000001,-0.777806
6.0206215099999998,-72.082115630000004,0.50641899999999995,-0.18108299999999999
6.0208021299999999,-72.080963969999999,-0.17941699999999999,-0.58500399999999997
6.0210171499999987,-72.085074729999988,-0.27481299999999997,0.011249200000000001
6.02129767,-72.076466859999996,-0.0471168,-0.43273400000000001
6.02178375,-72.079678540000003,-0.027080799999999999,-0.50693600000000005
6.0236112800000008,-72.084570060000004,-0.076130500000000004,-0.21345900000000001
6.0236563399999996,-72.080355179999998,0.0422704,-0.43289800000000001
6.0250984399999998,-72.082290580000006,-0.0090875000000000001,-0.19295000000000001
6.0253006394796547,-72.083748034085644,-0.098288799999999996,-0.42205799999999999
6.0253961499999997,-72.080301730000002,0.24970300000000001,-0.35114600000000001
6.0263589,-72.081148290000002,-0.120366,-0.62821700000000003
6.0265119599999997,-72.077498969999994,0.036624900000000002,-0.0423551
6.0266824999999997,-72.078624669999996,0.058989899999999998,-0.59569099999999997
6.0272402262292486,-72.075137527805964,0.047194300000000002,-0.235067
6.0285994299999999,-72.086796030000002,-0.17141000000000001,-0.35738999999999999
6.0295977499999998,-72.078556129999996,0.085774900000000001,0.086679199999999998
6.0300811424618095,-72.08533051655445,-0.13721,-0.53215100000000004
6.0301898600000001,-72.082654579999996,-0.088438500000000003,-0.54170399999999996
6.0307000799999981,-72.080385100000015,0.096071100000000006,-0.42569899999999999
6.0318240799999989,-72.080720999999983,-0.106681,-0.54714200000000002
6.0326229099999997,-72.078220419999994,-0.021919600000000001,-0.14643900000000001
6.0331453100000001,-72.081904289999997,-0.14866299999999999,-0.248615
6.0332418299999997,-72.077701869999999,-0.25299100000000002,-0.26855600000000002
6.0338226600000002,-72.079976930000001,0.042003600000000002,-0.59539600000000004
6.0341126599999999,-72.087051700000004,-0.097260899999999997,-0.55902600000000002
6.0346374100000002,-72.076616369999996,0.34672599999999998,-0.27955600000000003
6.0347432599999999,-72.075428849999994,-0.036476700000000001,-0.48615700000000001
6.0354209299999999,-72.083438819999998,0.34089700000000001,0.19233
6.0363627099999988,-72.080454369999984,0.11629200000000001,-0.51243499999999997
6.0366314900000004,-72.085433899999998,0.137714,-0.25396400000000002
6.0387198800000004,-72.086445379999986,-0.0524021,-0.17493500000000001
6.0420417000000004,-72.078127420000001,0.10481500000000001,-0.36609900000000001
6.0437196399999999,-72.083360639999995,-0.061620300000000003,-0.57189199999999996
6.0438570599999988,-72.085213539999998,0.0029448999999999999,-0.57997699999999996
6.0458681099999998,-72.084657120000003,-0.081164,-0.51652399999999998
6.0462575000000012,-72.078894590000019,-0.086562,-0.23563600000000001
13.18622562,-26.580090810000002,0.17122200000000001,0.079509999999999997
15.80306496,-70.848142370000005,-0.17405200000000001,-0.10893
15.80377126,-70.851850999999996,-0.23277500000000001,-0.26114199999999999
15.80568313,-70.850338890000003,0.087123000000000006,-0.14131299999999999
15.81073142,-70.850258949999997,0.042883900000000003,-0.76284799999999997
15.810997240000001,-70.848170210000006,0.17313999999999999,-0.244869
15.811955040000001,-70.848845539999999,-0.13938400000000001,-0.64412599999999998
15.81386966,-70.848573909999999,0.075461799999999996,-0.24491599999999999
15.814724119999999,-70.849811079999995,0.213673,-0.191884
15.81803637,-70.846718620000004,0.112196,-0.11955
15.81856232,-70.848882410000002,-0.23940700000000001,-0.099564100000000003
15.818905389999999,-70.850209120000002,0.029923999999999999,-0.15975200000000001
78.525519610000003,-40.041834420000001,0.18837799999999999,-0.23989099999999999
78.526482040000005,-40.046915009999999,-0.0117941,-0.56382200000000005
78.526934999999995,-40.043930000000003,0.094960100000000006,-0.132801
78.527163860000002,-40.047117329999999,-0.135129,-0.43542700000000001
78.52794652,-40.047399980000002,-0.087298299999999995,-0.60130799999999995
78.527988539999996,-40.046211710000001,0.0463697,0.21585499999999999
78.528412770000003,-40.046721460000001,-0.14959900000000001,-0.42172900000000002
78.529270229999995,-40.046765229999998,0.012418500000000001,-0.68067299999999997
81.043291089999997,-24.52691489,-0.058118900000000001,0.0035476599999999998
81.045345220000002,-24.524492800000001,-0.26235599999999998,0.17636399999999999
81.046654259999997,-24.524096419999999,0.17582,0.080385999999999999
81.048896029999995,-24.524939450000002,0.26025900000000002,-0.173536
138.00715982,-64.861467410000003,-0.048301299999999998,0.30160599999999999
138.00795983660936,-64.864079992751883,-0.19953799999999999,-0.552643
138.01022537,-64.868348330000003,0.133243,-0.18531700000000001
138.01396218551187,-64.861107051980497,0.496421,-0.26132100000000003
138.01468672999999,-64.867136680000002,0.23582600000000001,-0.203707
138.01827067530817,-64.863375407497003,0.243476,-0.132054
138.01921154999999,-64.869379019999997,0.197015,-0.096613000000000004
138.02011786,-64.864341400000001,0.50508799999999998,-0.053813800000000002
138.02013431288216,-64.863202427166343,0.053333100000000001,0.112914
198.23360705999997,18.167106720000007,0.014250199999999999,0.088375800000000004
205.54073792957035,28.379910133343575,0.14235400000000001,-0.120576
206.61113155000001,-51.377661799999998,-0.019226300000000002,-0.083263500000000004
225.99431473000001,-33.068132179999999,0.230908,-0.16161200000000001
229.63511761999999,2.07867962,0.32777000000000001,-0.0507161
229.63528969999999,2.0830333300000006,0.26179599999999997,-0.288854
229.63868169,2.0769071499999998,-0.0881971,-0.38217899999999999
229.64294809999998,2.0837911999999998,-0.072862200000000002,-0.55345500000000003
229.64346796000001,2.0852408699999998,0.25575900000000001,0.054571799999999997
244.25170596999999,-22.975077670000005,0.078162999999999996,0.092781699999999995
244.25466813000003,-22.97522142,-0.043782000000000001,0.048216500000000002
244.25667109,-22.974823319999999,-0.0014471200000000001,-0.0302352
244.25712905,-22.971318199999999,0.19625999999999999,0.022940599999999998
244.25837938999996,-22.976206569999999,0.20825399999999999,-0.037645699999999997
244.25900820999999,-22.977424160000002,0.050224699999999997,-0.035088500000000002
244.26003949000003,-22.97608619,0.0287853,-0.114777
244.26069804000002,-22.979593270000002,0.141622,-0.385465
244.26073688999998,-22.977190539999999,-0.14088999999999999,-0.65895800000000004
244.26174331000001,-22.976109740000002,0.164109,-0.080116400000000004
244.26488516999999,-22.97406737,-0.115674,-0.53105000000000002
245.88902094999997,-26.52928052,-0.027235599999999999,-0.13141900000000001
245.89222716399965,-26.526328692434955,0.34356599999999998,0.070454299999999997
245.89482815999997,-26.528855369999999,-0.0081035099999999995,-0.28440799999999999
245.89598853812626,-26.522021963933291,-0.15107300000000001,-0.023408700000000001
245.89923718,-26.525715250000005,-0.209144,-0.028789499999999999
245.90328914217798,-26.52898433363675,-0.19848499999999999,-0.14310500000000001
245.90374646999999,-26.527671949999998,-0.122803,-0.145235
246.91878707999999,-38.849757709999999,-0.230103,0.034008499999999997
246.92039303999999,-38.849622240000002,0.19852500000000001,0.20433699999999999
250.42701600482783,36.468760817817646,0.258413,-0.17035500000000001
250.42983838509889,36.457019950990635,0.20072999999999999,0.14485200000000001
251.81549305999999,-1.9463209300000004,0.11554300000000001,-0.047029700000000001
255.29334409000001,-30.113054479999999,0.54829099999999997,0.036731800000000002
255.29842024000004,-30.111321889999985,0.191748,0.111137
255.29855278999997,-30.116635500000008,-0.0646317,-0.10298400000000001
255.30064745999999,-30.116516350000005,0.429595,0.15129500000000001
255.30078599000001,-30.118853279999993,-0.23422799999999999,0.26124999999999998
255.30198269999997,-30.115902010000003,0.18325,0.13211100000000001
255.30230505999998,-30.117759249999999,0.083723699999999998,-0.058037199999999997
255.30241460000002,-30.106190370000004,-0.14260100000000001,-0.55940800000000002
255.30291312000003,-30.113557059999998,0.076772499999999994,-0.042497600000000003
255.30317511999999,-30.115420470000004,0.079224699999999995,0.20324400000000001
255.30350171999999,-30.112697869999995,0.26034099999999999,0.042458299999999997
255.30364391000001,-30.114886830000003,0.23001199999999999,0.00071965400000000002
255.30392002000002,-30.116522790000012,-0.011882999999999999,0.042950500000000003
255.30454843000001,-30.115355510000004,-0.22211600000000001,-0.40020099999999997
255.30458522000001,-30.111741829999996,-0.23528399999999999,-0.41424800000000001
255.30462001999996,-30.110731950000005,0.24310999999999999,0.017648500000000001
255.30488665000001,-30.105182500000002,0.20283799999999999,0.22295999999999999
255.30506334,-30.114027499999999,0.00093415100000000004,-0.183166
255.30545634000001,-30.114811599999999,0.056508500000000003,0.099370100000000003
255.30567682,-30.112809899999998,0.14110700000000001,0.090161099999999994
255.30607710999999,-30.106592379999995,0.19967699999999999,0.052654699999999999
255.30640268000002,-30.108877509999999,0.27108199999999999,0.078079899999999994
255.30712095999999,-30.118470430000002,0.39165899999999998,0.045929900000000003
255.30722064,-30.11021049,0.043872099999999997,0.0265326
255.30730804999996,-30.109007170000002,-0.225523,-0.46379199999999998
259.27705293189632,43.134328936464357,0.25411699999999998,-0.36980299999999999
259.27869934,43.143104019999996,0.35682999999999998,-0.14107600000000001
259.27976263100754,43.137013803142963,-0.057363400000000002,-0.499475
259.28038506967516,43.135333370085519,-0.00269083,-0.22261800000000001
261.92870685999998,-5.0847194900000012,0.042141699999999997,-0.35527700000000001
264.06562826999999,-44.73752729000001,0.18850500000000001,0.046623400000000002
264.06929059999999,-44.739865809999991,0.59634200000000004,0.081748899999999999
264.07056742999998,-44.736072499999999,-0.26886100000000002,-0.106764
264.07092483000002,-44.734170570000003,0.110445,0.0347885
264.07120144999999,-44.736874219999997,0.11539199999999999,0.025021999999999999
264.07151644999999,-44.733833639999993,0.26579000000000003,-0.064025200000000004
264.07185328999992,-44.736181850000001,0.19669800000000001,0.119059
264.07212991,-44.732545339999994,0.118076,0.192908
264.07214542999998,-44.735501240000005,-0.028945599999999998,-0.093606300000000003
264.07227762999997,-44.731562899999993,0.47928700000000002,0.044212799999999997
264.07253590999994,-44.734215720000002,0.32184299999999999,0.046333300000000001
264.07298534,-44.732573530000003,-0.22501599999999999,-0.46540399999999998
264.07323155,-44.735193119999998,0.40116000000000002,-0.14693999999999999
264.07368506,-44.737988920000006,-0.334955,-0.112592
264.07443828999999,-44.736448010000004,-0.034146299999999997,0.0031757299999999999
264.07445786,-44.729074839999996,0.181202,0.081387699999999993
264.07524076999999,-44.734548019999998,0.24937799999999999,0.0715837
264.07578511000003,-44.733194750000003,-0.23036599999999999,-0.35976599999999997
264.07733256,-44.737689920000001,0.055985800000000002,-0.128278
264.39303742999999,-3.2450245,0.26375999999999999,0.123303
267.21661697671442,-20.362978267396016,0.14968300000000001,0.100729
267.21739531999998,-20.35903017,0.49102299999999999,0.156921
267.21806457000002,-20.359527830000001,0.336171,0.239117
267.21839871999998,-20.358950320000002,-0.24879699999999999,0.043666200000000002
267.21858300000002,-20.358236720000001,0.38149899999999998,0.133996
267.21927818397484,-20.361283043410996,-0.258797,-0.16006200000000001
267.21945205999998,-20.359454190000001,0.22089200000000001,0.099463399999999993
267.22022267,-20.35945345,0.225748,0.177482
267.22029306000002,-20.36188151,-0.34623100000000001,-0.028254999999999999
267.22058614848447,-20.360764446752185,0.38168200000000002,0.151342
267.22130983,-20.357552649999999,-0.156777,-0.23194100000000001
267.22156441999999,-20.3608309,-0.472165,0.197105
267.22214596999999,-20.361617150000001,0.481707,0.17260800000000001
267.55291789,-37.051836420000001,0.43100899999999998,0.093047699999999997
267.55437800999999,-37.051325329999997,nan,nan
267.56361627000001,-37.052184889999999,0.67295000000000005,0.0454472
272.00588763000002,-43.712781,0.23624999999999999,-0.24939900000000001
272.00636358000003,-43.712029379999997,0.050800600000000001,-0.18448500000000001
272.00826360999997,-43.715383469999999,-0.16264700000000001,-0.40622000000000003
272.00919636999998,-43.714595420000002,0.30379200000000001,0.0846634
272.00921440000002,-43.713366999999998,0.055849900000000001,-0.20275599999999999
272.00986906999998,-43.714522789999997,0.25338899999999998,-0.145145
272.01013732000001,-43.715961470000003,-0.29388900000000001,-0.129688
272.01114593,-43.715719730000004,0.0510199,0.11855
272.01302556000002,-43.714867929999997,-0.0248547,-0.14344000000000001
272.01332236000002,-43.716914389999999,-0.116212,0.107268
272.01705663000001,-43.713054890000002,0.016569500000000001,0.0159638
277.73445343999998,-25.49594227,0.33675100000000002,0.19509499999999999
277.73612048000001,-25.498192379999999,0.24165300000000001,0.13456499999999999
277.84281734000001,-32.340717159999997,0.25159100000000001,-0.0623277
277.84692740999998,-32.352454379999998,0.41963899999999998,0.17264099999999999
278.93198719999998,-32.990607760000003,0.25669799999999998,0.050028000000000003
278.9333201,-32.992769379999999,0.135681,-0.0273622
278.93568634000002,-32.993991029999997,0.21595300000000001,-0.056560699999999998
278.94019788000003,-32.990582400000001,-0.104079,-0.48909200000000003
278.94064424999999,-32.989787499999998,0.106091,-0.39441799999999999
278.94260439999999,-32.99142561,-0.0641153,0.0354842
279.10087477000002,-23.902810330000001,0.214952,0.016138099999999999
279.10297078999997,-23.9098851,0.161998,0.046587000000000003
283.76022243,-30.482681629999991,0.15593399999999999,-0.060630999999999997
283.76154309999998,-30.481408000000002,-0.18260899999999999,-0.100664
283.76230470000002,-30.479189980000001,-0.21838199999999999,-0.37243300000000001
283.76443692999999,-30.47989901,0.052012999999999997,-0.184862
283.76522894999999,-30.478051840000003,-0.071578500000000003,-0.081576700000000002
283.76622796999999,-30.477250949999995,-0.27311600000000003,-0.25934099999999999
323.36189804999998,-0.82784522000000005,0.40125699999999997,-0.24416099999999999
323.36457797999998,-0.82321352999999997,0.14833399999999999,-0.088257199999999994
10.74719262,41.278634279999999,nan,nan
10.08409241,40.73301275,nan,nan
10.084933530000001,40.732871580000001,nan,nan
10.332687599999998,41.00320940999999,0.24843399999999999,-0.28751599999999999
10.43021111,41.571693119999999,nan,nan
10.538087020000001,41.346520050000002,0.37534299999999998,0.059575200000000002
10.47091985386932,40.78615277151475,0.22852900000000001,0.27317200000000003
10.55483351,41.310119190000002,-0.115284,0.082225599999999996
10.566047360000001,41.020660939999999,0.304006,0.123195
10.57773838,41.23385871,0.162242,-0.0358686
10.756122420000001,41.50466746,0.30644399999999999,-0.023383399999999999
10.604345886210639,40.95526264712462,0.11453199999999999,-0.029994699999999999
10.608624799999999,41.32077614,-0.052557600000000003,-0.040118800000000003
10.609204869999999,41.431137890000002,0.128612,-0.044488899999999998
10.614202880000002,40.9932917,-0.041572499999999998,-0.37565399999999999
10.629006689999999,41.31968195999999,0.24518999999999999,-0.432834
10.630287450000001,41.327435940000001,0.13500499999999999,0.018284700000000001
10.633638380000004,41.32021769,0.076862299999999995,0.034838500000000001
10.637906709999999,41.05782258,-0.097508499999999998,0.049393899999999998
10.63914336,41.00803415,nan,nan
10.64662805,41.239205859999998,nan,nan
10.65254378,41.230649110000002,-0.090948100000000004,-0.70993700000000004
10.64486937,41.547647140000002,0.26502100000000001,0.124955
10.643251665513587,40.952511530139518,-0.20719899999999999,-0.057668700000000003
10.64561997,40.955775789999997,0.040718900000000002,-0.159413
10.669404419999999,41.175928329999998,nan,nan
10.66868023,41.2627071,nan,nan
10.671676379999999,41.262437319999997,nan,nan
10.67267564,41.256628739999996,0.071887999999999994,-0.076403100000000002
10.67535352,41.258907120000003,0.046260599999999999,-0.110026
10.67560739,41.252957420000001,nan,nan
10.67663454,41.262463199999999,nan,nan
10.678082140000001,41.251074989999999,nan,nan
10.678158,41.262441559999999,nan,nan
10.67915408,41.261981749999997,0.112899,-0.14766799999999999
10.682469449999999,41.25397495,-0.017980699999999999,-0.13783300000000001
10.676363930000001,41.245965640000001,0.021587800000000001,-0.27771000000000001
10.67785713,41.246265649999998,nan,nan
10.67802075,41.248752170000003,nan,nan
10.708181072995872,41.18577463068074,0.28519600000000001,0.048928600000000003
10.71379312,41.277644410000001,-0.0238131,-0.74471900000000002
10.71586529,41.29081249,nan,nan
10.718402899999999,41.280183299999997,nan,nan
10.71990167,41.241375400000003,nan,nan
10.716798600000001,41.518749249999999,0.190723,0.016364199999999999
10.72401621,41.312884339999997,nan,nan
10.729944379999999,41.310027290000001,0.055754400000000003,-0.44033899999999998
10.73174695,41.309747829999999,0.028048799999999999,-0.22351499999999999
10.737216139999999,41.312220480000001,0.107672,-0.37243500000000002
10.74857725,41.322007769999999,0.074265200000000003,-0.090277999999999997
10.749454099999999,41.268268059999997,0.177644,-0.077255099999999993
10.76222458,41.256290759999999,-0.0292099,-0.26209300000000002
10.763393900000001,41.257714499999999,0.022162600000000001,-0.15807299999999999
10.763775750000001,41.355964589999999,0.077549400000000004,-0.19217799999999999
10.76608306,41.301347880000002,0.00049573300000000005,-0.123002
10.781299389999999,41.338777489999998,0.066677100000000003,-0.072918899999999995
10.797346559433946,41.302691764085601,0.34407700000000002,0.21865299999999999
10.79423287,41.247605100000001,0.12670600000000001,-0.14607600000000001
10.80881786,41.12118581,nan,nan
10.81055535,41.123500640000003,nan,nan
10.813858160000001,41.190468170000003,-0.074346899999999994,-0.22505
10.823518910000001,41.462234979999998,0.14471200000000001,-0.076935699999999996
10.83640754,41.25864644,nan,nan
10.873044030000001,41.132345190000002,nan,nan
10.899729253154876,41.24257119198586,0.15151999999999999,-0.30287399999999998
10.90527936,41.245394390000001,0.102733,-0.00621399
10.939307299999999,41.103184890000001,nan,nan
11.12293337,41.36004251,0.12298199999999999,-0.152285
11.610631059999999,42.031454080000003,nan,nan
8.1939056800000003,39.577895849999997,0.048598200000000001,-0.203907
54.823692280000003,-35.425104050000002,-0.072090799999999997,-0.27465200000000001
187.74067293000002,12.270833860000002,-0.058343899999999997,-0.247805
194.91590597999999,27.95461547,0.093961199999999995,-0.29640100000000003
194.91590597999999,27.95461547,0.093961199999999995,-0.29640100000000003
201.36960038000001,-42.996715649999999,nan,nan
201.38162360999999,-43.000819530000001,nan,nan
201.38162360999999,-43.000819530000001,nan,nan
201.38589512999999,-43.005475490000002,nan,nan
201.41406588999996,-42.92943416,0.61227100000000001,0.0152689
201.46987401707102,-43.096250861115649,0.29932900000000001,-0.0253192
201.47741522000001,-42.990323109999999,0.11786099999999999,-0.025525599999999999
201.47741522000001,-42.990323109999999,0.11786099999999999,-0.025525599999999999
201.51823677722459,-42.941589757779624,-0.069463899999999995,-0.0418322
201.522426,-42.94231843,-0.16092300000000001,0.102438
190.01307367000001,-11.66798436,0.21816199999999999,0.0030581599999999999
190.89433677,11.603554020000001,-0.158857,-0.48032799999999998
190.89817872359507,11.602307566110078,-0.00135793,-0.29887799999999998
190.94906211152104,11.582047673353889,-0.0011268599999999999,-0.673099
10.667273440000002,40.864071109999998,0.16832900000000001,-0.44661499999999998
10.673830819999999,40.862646290000008,0.056564999999999997,-0.543763
10.674299817435367,40.865286797829796,-0.013650499999999999,-0.30762099999999998
10.677240660000001,40.864566910000001,0.102224,-0.086256899999999997
18.245419640000001,15.470015399999999,-0.098857100000000003,0.0019409399999999999
18.248204260000001,15.49110046,0.020404499999999999,-0.61456699999999997
187.37628681000004,7.9927413999999999,-0.039697400000000001,-0.049914199999999999
32.087821791785323,10.995917502704062,0.081351400000000004,-0.087573799999999993
32.087936840174059,10.994836376401487,0.067191000000000001,-0.29058499999999998
32.088487632989519,10.994220555173138,0.0026912699999999999,-0.045856899999999999
32.088490191962187,10.995290183856804,0.032414100000000001,0.21384700000000001
32.089680479253175,10.996850758467557,-0.050767399999999997,-0.086898000000000003
32.090135080000003,10.994834630000001,-0.18301000000000001,-0.20485800000000001
32.092385916692912,10.989542049581072,-0.11145099999999999,-0.015901200000000001
32.086179280000003,10.982022160000001,-0.058560000000000001,0.152668
137.90323645000001,60.07107551,0.231793,-0.16117300000000001
151.30874650000001,-7.7159273099999997,0.18762799999999999,-0.043404100000000001
151.30934275000001,-7.7157408699999994,0.14847099999999999,-0.140653
151.30941229999999,-7.7177258899999996,0.16761200000000001,-0.15834799999999999
151.31119344000001,-7.7204155699999992,0.26729199999999997,0.047125
151.31169666,-7.7151303199999992,0.243176,0.055185199999999997
151.31207855,-7.7144219400000003,0.071943599999999996,-0.010313299999999999
151.31310307000001,-7.7146643299999997,0.18174799999999999,-0.12927
151.31778799,-7.7098140799999983,0.062937400000000004,-0.31102000000000002
151.3187618,-7.7084193300000008,0.23145499999999999,-0.21219499999999999
177.76047765999999,-28.802101440000001,0.060638699999999997,-0.28697
177.76314789,-28.800604809999999,0.15099799999999999,-0.0126763
177.76842607,-28.812177309999999,0.21417900000000001,-0.21645700000000001
177.76966657,-28.799286949999999,-0.22125700000000001,0.207871
177.7709625,-28.799069159999998,0.088291099999999997,-0.28051999999999999
177.77256942,-28.805648810000001,0.057840999999999997,0.0181475
177.76798708000001,-28.816338200000001,-0.010848699999999999,0.096480700000000003
177.76842607,-28.812177309999999,0.21417900000000001,-0.21645700000000001
177.77229095000001,-28.818864139999999,0.070537000000000002,-0.092116500000000004
177.77269570999999,-28.817952099999999,0.0049979500000000001,-0.28224399999999999
177.77940287999999,-28.812414329999999,0.109127,-0.38139600000000001
190.46683067999999,11.62374033,0.145207,-0.16583899999999999
335.18417118999997,-24.677737,-0.16953099999999999,-0.11296
335.18463710999998,-24.684323299999999,-0.098085900000000004,-0.132745
335.18646000000001,-24.678265,-0.076305300000000006,-0.60352899999999998
335.18417118999997,-24.677737,-0.16953099999999999,-0.11296
335.18646000000001,-24.678265,-0.076305300000000006,-0.60352899999999998
335.18417118999997,-24.677737,-0.16953099999999999,-0.11296
335.18646000000001,-24.678265,-0.076305300000000006,-0.60352899999999998
335.18417118999997,-24.677737,-0.16953099999999999,-0.11296
335.18463710999998,-24.684323299999999,-0.098085900000000004,-0.132745
335.18646000000001,-24.678265,-0.076305300000000006,-0.60352899999999998
