Name,type,RA,Dec,Mv,Mstar,Re,Sig
NGC0315,1,14.453681,30.352448,-24.6,2.70E+12,30619.6,351.6
NGC0584,1,22.836479,-6.868061,-22.6,3.43E+11,5296.6,217.3
NGC0636,1,24.777204,-7.512603,-21.6,1.23E+11,3647.5,156.3
NGC0720,1,28.252179,-13.738681,-22.6,4.06E+11,6918.3,246.6
NGC0777,1,30.062225,31.429383,-23.6,1.03E+12,13614.4,348.3
NGC1052,1,40.269994,-8.255764,-22,2.44E+11,5284.5,205.6
NGC1395,1,54.624121,-23.027692,-22.5,3.37E+11,6854.9,258.2
NGC1399,1,54.621179,-35.450742,-22.5,3.87E+11,5457.6,309.7
NGC1404,1,54.716321,-35.594392,-22.2,2.58E+11,3443.5,225.4
NGC1407,1,55.0496,-18.580378,-22.9,5.35E+11,10990.1,285.1
NGC1549,1,63.938429,-55.592361,-21.8,1.71E+11,4549.9,205.1
NGC1600,1,67.916075,-5.086103,-24.1,1.57E+12,22908.7,320.6
NGC1700,1,74.234779,-4.865733,-23.2,5.50E+11,5432.5,233.3
NGC2300,1,113.085358,85.708861,-22.6,4.84E+11,8035.3,269.2
NGC3091,1,150.058854,-19.636478,-23,5.53E+11,10069.3,290.4
NGC3557,1,167.490221,-37.539172,-23.5,8.77E+11,10023.1,291.7
NGC3904,1,177.305025,-29.276692,-21.8,1.50E+11,3589.2,215.3
NGC4125,1,182.025071,65.174133,-23.3,6.28E+11,11194.4,228.6
NGC4589,1,189.354308,74.191886,-22.2,2.37E+11,7413.1,214.8
NGC4889,1,195.033738,27.977025,-24.2,2.21E+12,21183.6,381.1
NGC6411,1,263.88675,60.813386,-22.7,3.78E+11,10232.9,155.6
NGC6909,1,306.911958,-47.027053,-22.2,1.80E+11,8394.6,148.6
NGC7507,1,348.031646,-28.539639,-22.3,2.88E+11,4920.4,238.2
NGC7619,1,350.060517,8.206286,-23.4,8.87E+11,11668.1,337.3
NGC7626,1,350.177183,8.217064,-23.4,8.55E+11,13708.8,233.9
NGC7785,1,358.829317,5.915878,-23.2,6.24E+11,10543.9,291.1
IC1459,1,344.2942,-36.462221,-22.7,4.49E+11,6251.7,307.6
IC4296,1,204.162721,-33.965917,-23.9,1.28E+12,19319.7,322.8
NGC1379,1,54.016417,-35.441175,-21.4,1.01E+11,5470.2,133.4
NGC1439,1,56.208154,-21.920497,-21.3,8.79E+10,6251.7,156.3
NGC3818,1,175.488983,-6.155661,-20.4,4.21E+10,2673,206.1
NGC4291,1,185.073746,75.370964,-21.4,1.17E+11,2630.3,258.8
NGC4742,1,192.950167,-10.454794,-20.5,3.33E+10,1270.6,93.3
NGC4431,1,186.863967,12.290356,-18.8,7.08E+09,1778.3,67.6
NGC4467,1,187.376113,7.99295,-17.7,3.58E+09,963.8,67
NGC0016,1,2.267917,27.729453,-21.7,1.47E+11,2322.7,182
NGC1175,1,46.134871,42.339264,-22.6,2.59E+11,4365.2,200
NGC1553,1,64.043608,-55.780139,-21.9,1.47E+11,2228.4,169.8
NGC2639,1,130.908721,50.205539,-21.7,1.02E+11,7447.3,179.9
NGC3115,1,151.308242,-7.718581,-20.7,6.41E+10,1545.3,219.8
NGC4169,1,183.078417,29.179294,-22.1,2.02E+11,4864.1,221.8
NGC4594,1,189.997633,-11.623054,-23.4,5.06E+11,8128.3,219.8
NGC5380,1,209.236117,37.610417,-20.5,4.91E+10,1071.5,158.1
IC0560,1,146.472656,-0.268221,-19.2,9.89E+09,1879.9,83.2
IC0598,1,153.202423,43.145546,-19.7,1.25E+10,1546.5,100.2
IC0676,1,168.165909,9.055736,-19.4,1.38E+10,2968.3,66.8
IC0719,1,175.077042,9.009861,-19.8,3.39E+10,1516.8,85.9
IC1024,1,217.863419,3.009107,-18.9,1.10E+10,1404.1,59.2
IC3631,1,189.950195,12.973927,-19.1,3.88E+09,2348.7,54.1
NGC0448,1,18.818876,-1.626105,-20.1,2.07E+10,1436.8,97.3
NGC0474,1,20.027901,3.41527,-21,8.59E+10,4441.5,167.1
NGC0502,1,20.731415,9.049169,-20.1,2.62E+10,2515.8,127.9
NGC0509,1,20.850327,9.433469,-19,1.02E+10,2305.6,61.9
NGC0516,1,21.033607,9.551668,-19.3,1.07E+10,2332.9,55.3
NGC0524,1,21.198778,9.538793,-21.8,1.48E+11,4139.3,243.2
NGC0525,1,21.220442,9.70324,-19,1.47E+10,1591.2,89.9
NGC0661,1,26.060976,28.705988,-20.3,8.00E+10,2406,190.1
NGC0680,1,27.447035,21.970827,-21.3,9.75E+10,3152.1,207
NGC0770,1,29.80685,18.954695,-19.7,1.35E+10,1280.1,110.9
NGC0821,1,32.088123,10.99487,-21.1,1.02E+11,3942.7,199.5
NGC0936,1,36.90609,-1.15628,-21.9,1.25E+11,5752,195.9
NGC1023,1,40.100052,39.063251,-21.1,6.58E+10,1891.9,207
NGC1121,1,42.663387,-1.73404,-19.8,2.77E+10,1115.2,171.8
NGC1222,1,47.236446,-2.955212,-19.8,1.05E+10,2489,69.2
NGC1248,1,48.202328,-5.224674,-20,1.66E+10,2072.3,92.3
NGC1266,1,49.00312,-2.42737,-20,2.58E+10,2762.1,78.9
NGC1289,1,49.707592,-1.973354,-20.5,4.57E+10,3183.5,135.8
NGC1665,1,72.071098,-5.427655,-20.7,3.57E+10,4566.7,99.8
NGC2549,1,124.743111,57.803108,-19.5,2.08E+10,1136.3,149.3
NGC2577,1,125.681137,22.55304,-20.5,7.76E+10,2350.3,208.9
NGC2592,1,126.783669,25.970339,-20,4.76E+10,1477.5,242.1
NGC2679,1,132.887192,30.865419,-19.9,2.17E+10,3692.6,96.2
NGC2685,1,133.894791,58.734409,-19.9,1.53E+10,1787.7,93.8
NGC2695,1,133.612778,-3.067101,-20.7,7.43E+10,2635.6,219.8
NGC2698,1,133.902222,-3.183882,-20.4,6.67E+10,1623.8,226.5
NGC2699,1,133.953415,-3.127507,-19.8,2.28E+10,1412.1,151.7
NGC2764,1,137.072983,21.443447,-20.3,4.35E+10,2846.2,89.9
NGC2768,1,137.906265,60.037209,-21.8,3.42E+11,6339.1,202.3
NGC2778,1,138.101639,35.027424,-19.3,3.05E+10,1655.3,164.1
NGC2824,1,139.759277,26.269999,-20,1.42E+10,1581.9,134
NGC2859,1,141.077286,34.513378,-21.2,8.91E+10,3613.6,178.6
NGC2880,1,142.394241,62.49062,-20.1,3.28E+10,2118.1,141.3
NGC2950,1,145.646317,58.851219,-20,2.67E+10,1213.2,169.8
NGC2962,1,145.224609,5.16582,-21.1,1.25E+11,4786.9,175.4
NGC2974,1,145.638611,-3.699116,-20.7,1.27E+11,2797.2,237.1
NGC3032,1,148.034119,29.236279,-19.1,7.10E+09,1986,96.2
NGC3073,1,150.216843,55.618935,-18.9,6.40E+09,3202.2,56.9
NGC3098,1,150.569458,24.711092,-19.8,2.15E+10,1149,109.1
NGC3156,1,153.171692,3.12932,-19.2,8.61E+09,1910,68.9
NGC3193,1,154.603683,21.893978,-21.7,1.34E+11,4409.6,199.1
NGC3226,1,155.862549,19.898439,-20.3,9.84E+10,4087.1,177.8
NGC3230,1,155.93309,12.567883,-21.3,1.26E+11,3313.1,200.9
NGC3245,1,156.826523,28.507435,-20.8,5.77E+10,2291.2,209.9
NGC3248,1,156.93927,22.84717,-19.5,1.68E+10,2320.1,97.7
NGC3301,1,159.233459,21.882166,-20.4,2.37E+10,2058.3,124.7
NGC3377,1,161.926666,13.98564,-19.9,2.76E+10,2060.6,145.5
NGC3379,1,161.956665,12.58163,-20.9,6.44E+10,2351.9,213.3
NGC3384,1,162.070404,12.6293,-20.6,3.13E+10,2002.9,161.4
NGC3412,1,162.722137,13.412142,-19.6,9.31E+09,1592.1,105.2
NGC3414,1,162.817673,27.974968,-21.1,1.10E+11,3620.3,231.7
NGC3457,1,163.702591,17.621157,-19,5.09E+09,1137,77.4
NGC3458,1,164.006042,57.11697,-20.2,3.79E+10,1407.8,179.1
NGC3489,1,165.077454,13.901258,-20.1,1.10E+10,1278.7,106.7
NGC3522,1,166.668549,20.085621,-18.8,1.52E+10,1734.3,102.6
NGC3595,1,168.856461,47.447147,-20.4,4.63E+10,2403.8,160.7
NGC3599,1,168.862305,18.110369,-19.3,9.25E+09,2699.2,74.8
NGC3605,1,169.19426,18.017141,-18.9,1.00E+10,1264.1,92.5
NGC3607,1,169.227737,18.051809,-21.8,2.10E+11,4897,229.1
NGC3608,1,169.245697,18.148531,-20.7,8.22E+10,3205.4,193.2
NGC3610,1,169.605316,58.786247,-20.8,4.54E+10,1712.5,175.4
NGC3613,1,169.650543,57.999924,-21.4,1.69E+11,3399.1,212.3
NGC3619,1,169.840088,57.757683,-20.7,6.71E+10,4146.8,166.3
NGC3626,1,170.015808,18.356791,-20.4,2.72E+10,2326,136.1
NGC3630,1,170.070786,2.96417,-20.2,3.21E+10,1275,174.2
NGC3640,1,170.278549,3.234764,-21.7,1.43E+11,4903.8,184.9
NGC3641,1,170.286621,3.194489,-18.9,2.31E+10,1465.1,174.2
NGC3648,1,170.631195,39.876972,-20.1,4.02E+10,1880.9,189.2
NGC3658,1,170.992706,38.562424,-20.5,4.80E+10,3358.3,164.4
NGC3665,1,171.181793,38.762791,-22,3.22E+11,7004.9,224.9
NGC3674,1,171.61087,57.04829,-20.3,6.24E+10,1521.7,221.8
NGC3694,1,172.225571,35.413857,-19.4,6.79E+09,1644.8,78
NGC3757,1,174.261765,58.415649,-19.2,1.74E+10,864.3,147.9
NGC3941,1,178.230667,36.986378,-20.1,2.19E+10,1435.9,139.3
NGC3945,1,178.30719,60.67556,-21.4,8.77E+10,3342.4,182.8
NGC3998,1,179.484039,55.453564,-20.4,7.71E+10,1593.3,278.6
NGC4026,1,179.85495,50.961689,-20.1,3.46E+10,1250.7,190.1
NGC4036,1,180.362045,61.895699,-21.5,1.45E+11,3065.6,188.8
NGC4078,1,181.198456,10.595537,-20.1,5.81E+10,1608.8,174.6
NGC4111,1,181.763031,43.065392,-20.4,4.21E+10,1106.4,158.9
NGC4119,1,182.040176,10.37872,-19.7,1.87E+10,3289,59
NGC4143,1,182.40036,42.534218,-20.2,3.61E+10,1351.8,216.8
NGC4150,1,182.640228,30.401487,-18.7,7.19E+09,1243.6,88.1
NGC4168,1,183.071808,13.205354,-21.1,1.49E+11,5158.6,174.2
NGC4179,1,183.217087,1.299673,-20.3,5.07E+10,1531.3,183.7
NGC4191,1,183.459915,7.200842,-20.2,3.79E+10,2721.8,134
NGC4203,1,183.770935,33.197243,-20.5,4.01E+10,2740.9,159.2
NGC4215,1,183.977142,6.401132,-20.5,5.19E+10,2264,140.3
NGC4233,1,184.282043,7.624434,-21,9.16E+10,2635,217.3
NGC4249,1,184.49765,5.59872,-19.1,3.98E+09,2756,76.7
NGC4251,1,184.534607,28.175299,-20.8,3.72E+10,1916.9,137.1
NGC4255,1,184.7341,4.785923,-20.1,4.90E+10,1620.8,179.9
NGC4259,1,184.842468,5.376242,-19.3,7.82E+09,1455.9,114.8
NGC4261,1,184.846924,5.82471,-22.3,4.10E+11,6685.4,294.4
NGC4262,1,184.877426,14.877717,-19.7,3.00E+10,869.2,195
NGC4264,1,184.899078,5.846804,-20.1,2.61E+10,2430,105
NGC4267,1,184.938675,12.798356,-20.3,3.33E+10,2885.6,156
NGC4268,1,184.946762,5.28365,-20.1,4.30E+10,1952.7,156.3
NGC4270,1,184.955978,5.463371,-20.8,5.57E+10,2911.5,142.2
NGC4278,1,185.02832,29.280619,-20.9,9.57E+10,2527.5,248.3
NGC4281,1,185.089691,5.38643,-21.1,1.66E+11,2897.1,256.4
NGC4283,1,185.086609,29.310898,-18.9,1.06E+10,883.6,119.7
NGC4324,1,185.775726,5.250488,-19.7,1.11E+10,1524.3,93.1
NGC4339,1,185.895599,6.081713,-19.6,2.70E+10,2315.8,123.9
NGC4340,1,185.897141,16.722195,-20.1,2.82E+10,3276.4,107.2
NGC4342,1,185.912598,7.053936,-19.2,3.33E+10,457.1,252.9
NGC4346,1,185.866425,46.993881,-19.6,1.88E+10,1260.6,145.2
NGC4350,1,185.990891,16.693356,-20.2,4.63E+10,1265,199.5
NGC4365,1,186.117615,7.31752,-22.3,2.97E+11,6775.3,255.9
NGC4371,1,186.230957,11.704288,-20.5,5.04E+10,2884.2,138.7
NGC4374,1,186.265747,12.88696,-22.2,3.39E+11,5492.2,288.4
NGC4377,1,186.301285,14.762218,-19.5,1.04E+10,1253.1,145.9
NGC4379,1,186.311386,15.607498,-19.3,1.86E+10,1436.3,117.2
NGC4382,1,186.35022,18.19108,-22.2,1.81E+11,7185,183.7
NGC4387,1,186.423813,12.810359,-19.2,1.52E+10,1316.5,105.7
NGC4406,1,186.549225,12.94597,-22.1,3.66E+11,10136.4,216.8
NGC4417,1,186.710938,9.584117,-20,2.97E+10,1516,152.4
NGC4425,1,186.805664,12.734803,-19.2,1.38E+10,1786.7,83.4
NGC4429,1,186.860657,11.10754,-21.4,1.47E+11,3917.9,195.9
NGC4434,1,186.902832,8.154311,-19.6,1.62E+10,1580.6,130.6
NGC4435,1,186.918762,13.079021,-20.9,4.11E+10,1902.4,163.7
NGC4442,1,187.01622,9.80362,-20.7,6.56E+10,1767.1,194.1
NGC4452,1,187.18042,11.755,-19,1.82E+10,1366.8,59
NGC4458,1,187.239716,13.241916,-18.9,9.23E+09,1707.7,107.6
NGC4459,1,187.250107,13.97858,-21,7.00E+10,3360.5,178.6
NGC4461,1,187.262543,13.183857,-20.2,3.40E+10,1815.8,148.9
NGC4472,1,187.444992,8.00041,-22.9,5.96E+11,8661.1,288.4
NGC4473,1,187.453659,13.42932,-20.9,6.12E+10,2204.3,193.6
NGC4474,1,187.473099,14.068673,-19.4,1.47E+10,1617,92
NGC4476,1,187.49617,12.348669,-18.9,7.26E+09,1422.6,71.4
NGC4477,1,187.509048,13.636443,-20.8,6.67E+10,3516.1,171.4
NGC4478,1,187.572662,12.328578,-19.9,3.71E+10,1300.2,144.5
NGC4483,1,187.66925,9.015665,-18.9,9.55E+09,1459.8,92.5
NGC4486,1,187.705933,12.3911,-22.5,4.83E+11,6578.1,314.1
NGC4486A,1,187.74054,12.270361,-18.9,1.55E+10,763.9,143.2
NGC4489,1,187.717667,16.758696,-18.7,2.48E+09,1694.7,64.9
NGC4494,1,187.850143,25.774981,-21.2,8.04E+10,3764.3,154.2
NGC4503,1,188.025803,11.176434,-20.3,4.88E+10,2249.4,147.9
NGC4521,1,188.198853,63.939293,-21,1.10E+11,2833.8,176.6
NGC4526,1,188.512619,7.69914,-21.7,1.75E+11,3239.1,235
NGC4528,1,188.525269,11.321266,-19.1,1.32E+10,887.6,110.7
NGC4546,1,188.87294,-3.793227,-20.4,5.73E+10,1476.7,221.3
NGC4550,1,188.877548,12.220955,-19.4,1.69E+10,1177.4,94.2
NGC4551,1,188.908249,12.26401,-19.3,1.83E+10,1344,99.5
NGC4552,1,188.916183,12.55604,-21.4,1.36E+11,3142.2,261.8
NGC4564,1,189.112473,11.43932,-20.2,3.71E+10,1486.7,174.2
NGC4570,1,189.222504,7.246663,-20.6,4.44E+10,1484.5,191
NGC4578,1,189.377274,9.555121,-19.8,2.11E+10,2622.8,110.4
NGC4596,1,189.983063,10.176031,-20.7,7.50E+10,4295.9,151
NGC4608,1,190.305374,10.155793,-20,4.15E+10,3707.3,137.7
NGC4612,1,190.38649,7.314782,-19.6,1.07E+10,2315.7,85.9
NGC4621,1,190.509674,11.64693,-21.2,1.30E+11,3219.3,223.9
NGC4623,1,190.544601,7.676934,-18.8,6.64E+09,1742.3,68.4
NGC4624,1,191.274826,3.055684,-20.8,6.53E+10,4688.8,143.2
NGC4636,1,190.707779,2.68778,-21.5,1.91E+11,6500,199.5
NGC4638,1,190.697632,11.442459,-20.1,2.36E+10,1246.3,120.2
NGC4643,1,190.833893,1.978399,-20.8,7.00E+10,2871.2,152.8
NGC4649,1,190.916702,11.55261,-22.5,4.52E+11,6421.3,314.8
NGC4660,1,191.133209,11.190533,-19.8,2.58E+10,939,217.8
NGC4684,1,191.822861,-2.727538,-19.3,8.43E+09,1326.9,68.7
NGC4690,1,191.981323,-1.655975,-20,4.17E+10,3800.1,112.7
NGC4694,1,192.062881,10.983624,-19.2,7.96E+09,2404.7,61.9
NGC4697,1,192.149612,-5.80085,-21,1.17E+11,3921.7,180.7
NGC4710,1,192.412323,15.16549,-20.6,5.74E+10,2570.7,105
NGC4733,1,192.778259,10.912103,-18.9,7.52E+09,2517.3,56.2
NGC4753,1,193.092133,-1.19969,-22.2,2.01E+11,6418.2,183.2
NGC4754,1,193.073181,11.31366,-20.7,5.35E+10,2390,179.5
NGC4762,1,193.233536,11.2308,-21.6,9.12E+10,3843.1,134.6
NGC5173,1,202.105301,46.591572,-20,1.83E+10,2088.8,101.2
NGC5198,1,202.547546,46.67083,-21.2,1.54E+11,4367.9,201.4
NGC5273,1,205.534943,35.65424,-19.5,9.53E+09,2967.6,74.1
NGC5308,1,206.751633,60.973038,-21.2,1.22E+11,2264,237.7
NGC5322,1,207.313339,60.190411,-22.4,3.01E+11,6501.6,248.3
NGC5342,1,207.85791,59.863014,-19.7,2.73E+10,1267.1,179.5
NGC5353,1,208.36142,40.283123,-22.2,2.72E+11,3236.8,289.7
NGC5355,1,208.43985,40.338795,-19.5,9.82E+09,1985.9,82.8
NGC5358,1,208.501801,40.27742,-19.1,1.19E+10,1586.2,76.9
NGC5379,1,208.893112,59.742825,-19.2,7.31E+09,2527.5,69.2
NGC5422,1,210.175262,55.164478,-20.8,6.82E+10,2661.5,174.6
NGC5473,1,211.180176,54.89262,-21.3,8.22E+10,3611.7,214.8
NGC5481,1,211.671722,50.72332,-19.8,4.10E+10,2787.4,149.3
NGC5485,1,211.797134,55.001518,-20.7,1.03E+11,3531.6,179.1
NGC5493,1,212.872421,-5.043663,-21.6,6.30E+10,2725.2,161.4
NGC5500,1,212.563522,48.546066,-19,1.85E+10,2504,82.2
NGC5507,1,213.332825,-3.14886,-20.3,4.09E+10,1653.6,208.9
NGC5557,1,214.607117,36.49369,-22,2.14E+11,5289.4,254.7
NGC5574,1,215.233109,3.237995,-19.4,1.21E+10,1482.7,76.7
NGC5576,1,215.265381,3.271049,-21.2,7.59E+10,3373.1,185.8
NGC5582,1,215.179703,39.693584,-20.4,5.48E+10,3882,151.4
NGC5611,1,216.019897,33.047501,-19.3,2.01E+10,1025,131.8
NGC5631,1,216.638687,56.582664,-20.8,6.93E+10,3349.2,161.1
NGC5638,1,217.418289,3.233443,-20.9,8.07E+10,3538.5,159.2
NGC5687,1,218.718201,54.475685,-20.3,8.47E+10,3468.5,190.5
NGC5770,1,223.312653,3.959721,-19.2,8.53E+09,1438,97.3
NGC5813,1,225.296936,1.70197,-22.2,2.61E+11,8093.2,225.9
NGC5831,1,226.029266,1.219917,-20.8,6.50E+10,3533.3,166
NGC5838,1,226.359467,2.099356,-21.2,1.44E+11,2500.5,276.1
NGC5839,1,226.364471,1.634633,-19.6,2.61E+10,1923.1,161.4
NGC5845,1,226.503281,1.633824,-20,3.07E+10,620.8,269.8
NGC5846,1,226.621887,1.605637,-22.1,3.23E+11,6956.5,231.7
NGC5854,1,226.948853,2.56856,-20.4,2.40E+10,2013.1,115.1
NGC5864,1,227.389786,3.052741,-20.7,5.08E+10,2697.6,119.9
NGC5866,1,226.623169,55.763309,-21.1,9.98E+10,2759.1,160.3
NGC5869,1,227.456055,0.469967,-20.4,6.07E+10,2659.3,182
NGC6014,1,238.989105,5.931838,-20.1,2.28E+10,4087.5,89.7
NGC6017,1,239.314529,5.998364,-19.6,1.52E+10,1174.8,109.9
NGC6149,1,246.851151,19.59729,-19.7,1.57E+10,1973,107.4
NGC6278,1,255.209763,23.010956,-21.3,8.91E+10,2931.1,217.8
NGC6547,1,271.291748,25.232645,-20.7,6.78E+10,2085.6,192.8
NGC6548,1,271.496826,18.587217,-20.3,5.88E+10,3888.9,173.8
NGC6703,1,281.828522,45.550648,-20.9,9.44E+10,3836,182
NGC6798,1,291.013306,53.624752,-20.6,3.91E+10,2252.2,137.1
NGC7280,1,336.614899,16.148266,-19.9,1.82E+10,2462.2,115.1
NGC7332,1,339.352173,23.798351,-20.8,3.08E+10,1697.5,139
NGC7454,1,345.27713,16.388371,-20.1,3.69E+10,2691.9,111.9
NGC7457,1,345.249725,30.144892,-19.5,9.42E+09,2345.1,74.8
NGC7465,1,345.503967,15.964876,-19.9,1.45E+10,1307.5,93.5
NGC7693,1,353.293671,-1.29201,-18.7,9.89E+09,2121.2,65.5
NGC7710,1,353.942261,-2.880941,-19.1,1.15E+10,1002.4,104.5
PGC016060,1,72.143387,-3.867104,-19.7,2.79E+10,1596.1,98.2
PGC035754,1,173.614716,33.178913,-19,1.72E+10,1654.4,116.7
PGC042549,1,190.316513,-5.009177,-19.8,1.69E+10,1645,100.9
PGC054452,1,228.89418,2.248187,-18.7,6.92E+09,1889.7,65.8
PGC056772,1,240.54834,7.085953,-19.1,1.75E+10,1837.3,82.4
PGC170172,1,176.73172,-5.187745,-19,4.68E+09,1230.1,104.7
UGC03960,1,115.094856,23.275089,-19,2.40E+10,3521.4,88.3
UGC04551,1,131.024582,49.793968,-20,3.44E+10,1083.3,184.1
UGC05408,1,150.966095,59.436138,-19.1,7.06E+09,1292.5,83
UGC06062,1,164.656662,9.050468,-19.9,3.11E+10,1955.6,143.2
UGC06176,1,166.852753,21.657185,-19.8,1.21E+10,1891.1,110.9
UGC08876,1,209.241943,45.973179,-19.5,2.79E+10,1124,141.9
UGC09519,1,221.588028,34.370651,-19.1,1.04E+10,991.9,98.2
LEDA074886,2,55.18,-18.645278,-16.8,9.89E+08,1130,22.9
PGC032348,2,162.22375,14.124444,-15.1,5.96E+07,638,15.4
VCC0021,2,182.596208,10.188544,-16.6,2.27E+08,922.6,26.1
VCC0178,2,184.03775,12.6913,-16.1,4.12E+08,696.8,50
VCC0308,2,184.712042,7.861889,-17.6,7.85E+08,1465.6,31.7
VCC0389,2,185.013708,14.961522,-17.2,1.50E+09,873,23
VCC0437,2,185.203417,17.487064,-17.2,1.04E+09,2010.2,47
VCC0452,2,185.269583,11.755,-15.8,2.07E+08,627,23.8
VCC0490,2,185.411625,15.745125,-17.4,2.37E+09,1393.6,34
VCC0523,2,185.517125,12.787483,-17.9,1.97E+09,1811.3,45.8
VCC0543,2,185.581375,14.760781,-17.2,1.04E+09,1433.6,48
VCC0545,2,185.581708,15.733578,-16,4.12E+08,760.8,31
VCC0634,2,185.833458,15.820378,-17.2,1.43E+09,1329.5,26
VCC745/NGC4366,2,186.195833,7.352778,-16.4,1.72E+09,808,44.7
VCC0846,2,186.460417,13.197778,-15.3,1.80E+08,1019,19
VCC0856,2,186.491375,10.053767,-17.2,1.08E+09,1177.3,31
VCC0917/IC3344,2,186.635,13.578611,-17.2,5.43E+08,787,41
VCC0940/IC3349,2,186.69625,12.454167,-16.3,1.04E+09,1124,32.4
VCC0965,2,186.762792,12.560817,-16,2.99E+08,1105.2,34
VCC0990,2,186.820583,16.024467,-17,9.89E+08,776.9,53
VCC1010,2,186.864083,12.290286,-17.8,3.76E+09,1834,43
VCC1036,2,186.921833,12.3159,-17.9,2.72E+09,1169.3,53
VCC1073/IC794,2,187.035833,12.093333,-17.2,2.72E+09,724,45.6
VCC1075,2,187.051333,10.297658,-16.7,8.61E+08,1169.3,53
VCC1087,2,187.062,11.789828,-17.5,2.48E+09,1513.7,63
VCC1087/IC3381,2,187.062917,11.789722,-16.8,2.07E+09,1168,38.7
VCC1122,2,187.173792,12.915917,-16.7,5.69E+08,913,40
VCC1183,2,187.343792,11.433886,-17.6,2.16E+09,840.9,56
VCC1250,2,187.496167,12.348656,-18.9,6.53E+09,1297.4,79
VCC1254,2,187.522083,8.074722,-16.5,6.84E+08,949,31
VCC1261/NGC4482,2,187.543333,10.779444,-17.5,3.76E+09,589,45.4
VCC1308/IC3437,2,187.690833,11.342778,-15.7,4.32E+08,764,33.2
VCC1407,2,188.01125,11.89,-16.4,2.48E+08,902,25.5
VCC1422,2,188.059208,10.251461,-18,2.99E+09,1545.7,44
VCC1431,2,188.097458,11.262969,-17.3,1.30E+09,781.6,54.1
VCC1491,2,188.308375,12.857822,-16.4,8.22E+08,816.9,47
VCC1545,2,188.548083,12.048964,-17.1,1.80E+09,897,59
VCC1549,2,188.561708,11.071525,-16.9,1.30E+09,935.4,38.9
VCC1577/IC3519,2,188.66,15.602778,-15.9,1.97E+08,689,26
VCC1695,2,189.228542,12.520075,-17.4,3.27E+08,1717.9,28.7
VCC1743,2,189.528292,10.082356,-15.9,2.85E+08,832.9,44
VCC1826,2,190.046667,9.896111,-15.9,9.02E+07,542,22.3
VCC1857,2,190.221333,10.475364,-16.4,2.48E+08,1665.9,46
VCC1861,2,190.244,11.184486,-17.3,1.88E+09,1492.8,40.4
VCC1871,2,190.315542,11.387244,-17.6,3.13E+09,552.6,68
VCC1876/IC3658,2,190.335,14.700556,-16.5,5.96E+08,682,26.7
VCC1910,2,190.536083,11.754286,-17.4,2.60E+09,1044.7,39
VCC2019,2,191.335083,13.692661,-17,9.89E+08,1233.4,44
VCC2048,2,191.81375,10.203583,-18,3.43E+09,1009.1,33
VCC2050,2,191.836,12.166428,-16.4,5.19E+08,865,32
CanisMajor,3,108.145833,-27.666667,-14.4,4.90E+07,210,20
SagittariusdSph,3,283.83125,-30.545278,-13.5,2.10E+07,2587,11.4
SegueI,3,151.766667,16.081944,-1.5,3.40E+02,29,3.9
UrsaMajorII,3,132.875,63.13,-4.2,4.10E+03,149,6.7
BootesII,3,209.5,12.85,-2.7,1.00E+03,51,10.5
SegueII,3,34.816667,20.175278,-2.5,8.60E+02,35,3.4
Willman1,3,162.3375,51.05,-2.7,1.00E+03,25,4.3
ComaBerenices,3,186.745833,23.904167,-4.1,3.70E+03,77,4.6
BootesIII,3,209.3,26.8,-5.8,1.70E+04,1360,14
BootesI,3,210.025,14.5,-6.3,2.90E+04,242,2.4
Draco,3,260.051667,57.915278,-8.8,2.90E+05,221,9.1
UrsaMinor,3,227.285417,67.2225,-8.8,2.90E+05,181,9.5
Sculptor,3,15.039167,-33.709167,-11.1,2.30E+06,283,9.2
SextansI,3,153.2625,-1.614722,-9.3,4.40E+05,695,7.9
UrsaMajorI,3,158.72,51.92,-5.5,1.40E+04,319,7.6
Carina,3,100.402917,-50.966111,-9.1,3.80E+05,250,6.6
Hercules,3,247.758333,12.791667,-6.6,3.70E+04,330,3.7
Fornax,3,39.997083,-34.449167,-13.4,2.00E+07,710,11.7
LeoIV,3,173.2375,0.533333,-5.8,1.90E+04,206,3.3
CanesVenaticiII,3,194.291667,34.320833,-4.9,7.90E+03,74,4.6
LeoV,3,172.79,2.22,-5.2,1.10E+04,135,3.7
PiscesII,3,344.629167,5.9525,-5,8.60E+03,58,
CanesVenaticiI,3,202.014583,33.555833,-8.6,2.30E+05,564,7.6
LeoII,3,168.37,22.151667,-9.8,7.40E+05,176,6.6
LeoI,3,152.117083,12.306389,-12,5.50E+06,251,9.2
AndromedaIX,3,13.220833,43.195833,-8.1,1.50E+05,557,10.9
AndromedaI,3,11.415833,38.041111,-11.9,3.90E+06,672,10.2
AndromedaXVII,3,9.279167,44.322222,-8.5,2.60E+05,286,2.9
AndromedaXXVII,3,9.362917,45.386944,-7.9,1.20E+05,434,14.8
AndromedaIII,3,8.890833,36.497778,-10.2,8.30E+05,479,9.3
AndromedaXXV,3,7.537083,46.851944,-9.7,6.80E+05,709,3
AndromedaXXVI,3,5.94,47.916111,-7.1,6.00E+04,222,8.6
AndromedaV,3,17.57125,47.628056,-9.5,3.90E+05,315,11.5
AndromedaXI,3,11.583333,33.801389,-6.8,4.90E+04,157,4.6
AndromedaXIX,3,4.88375,35.043611,-9,4.30E+05,1479.5,4.7
AndromedaXXIII,3,22.340833,38.718889,-10.2,1.10E+06,1029,7.1
AndromedaXX,3,1.877917,35.132222,-6.1,2.90E+04,124,7.1
AndromedaXIII,3,12.9625,33.004444,-6.5,4.10E+04,207,5.8
AndromedaX,3,16.640417,44.804444,-7.5,9.60E+04,265,6.4
AndromedaXXI,3,358.69875,42.470833,-9.8,7.60E+05,875,4.5
AndromedaXIV,3,12.895833,29.696944,-8.6,2.00E+05,363,5.3
AndromedaXII,3,11.8625,34.374722,-6.5,3.10E+04,304,2.6
AndromedaXV,3,18.577917,38.1175,-9.4,4.90E+05,222,4
AndromedaII,3,19.124167,33.419167,-12.6,7.60E+06,1176,7.8
AndromedaXXIX,3,359.731667,30.755556,-8.3,1.80E+05,361,
AndromedaXXIV,3,19.625,46.366111,-7.6,9.30E+04,367,
AndromedaVII,3,351.632083,50.675833,-13.2,9.50E+06,776,13
AndromedaVI,3,357.942917,24.5825,-11.5,2.80E+06,524,12.4
AndromedaXXII,3,21.916667,28.090278,-6.8,3.40E+04,217,2.8
AndromedaXVI,3,14.874167,32.376667,-9,4.10E+05,136,3.8
AndromedaXXVIII,3,338.171667,31.216111,-8.5,2.10E+05,213,6.6
Cetus,3,6.545833,-11.044444,-11.3,2.60E+06,703,17
PegasusdIrr,3,352.15125,14.743056,-12.2,6.61E+06,562,
LeoT,3,143.7225,17.051389,-8,1.40E+05,120,7.5
AndromedaXVIII,3,0.560417,45.088889,-9.4,6.30E+05,363,9.7
Aquarius,3,311.715833,-12.848056,-10.6,1.60E+06,458,
Tucana,3,340.456667,-64.419444,-9.5,5.60E+05,284,15.8
UGC4879,3,139.009167,52.84,-12.5,8.30E+06,162,9.4
ESO410-G005,3,3.881667,-32.18,-11.5,3.50E+06,280,
KKR25,3,243.45,54.371111,-10.9,1.40E+06,222,
ESO294-G010,3,6.639167,-41.855278,-11.2,2.70E+06,248,
NGC4472,4,187.444992,8.000411,-13.1,7.13E+07,6.8,
NGC4550,4,188.87755,12.220956,-14.4,2.23E+08,25.9,
NGC4474,4,187.4731,14.068672,-11.7,2.20E+07,2.8,
NGC4379,4,186.311387,15.607497,-13.2,8.43E+07,12.9,
NGC4387,4,186.423812,12.810358,-13,6.32E+07,16.7,
NGC4476,4,187.496171,12.348669,-11.8,2.03E+07,2.1,
NGC4551,4,188.90825,12.264011,-14.2,2.07E+08,40.1,
NGC4458,4,187.239717,13.241917,-16.1,8.91E+08,62.5,
NGC4623,4,190.5446,7.676933,-14,1.63E+08,47.9,
NGC4452,4,187.180454,11.755033,-10.9,3.95E+06,4.8,
NGC4479,4,187.576429,13.577467,-10.9,9.10E+06,4.2,
NGC4482,4,187.543075,10.779478,-11.9,1.35E+07,3.1,
NGC4352,4,186.020921,11.218025,-11.5,1.09E+07,3.3,
IC3468,4,188.059204,10.251542,-11.2,6.95E+06,2.9,
IC3773,4,191.8136,10.203444,-10,2.01E+06,2.7,
IC3653,4,190.315504,11.387181,-12.7,2.89E+07,9.3,
IC809,4,190.536088,11.754433,-11.6,9.57E+06,3,
IC3328,4,186.491517,10.053714,-12.4,1.89E+07,12.6,
IC3065,4,183.802263,14.43285,-9.3,8.43E+05,2.1,
IC3442,4,187.834129,14.115186,-10.3,2.38E+06,3.2,
IC3381,4,187.061892,11.789914,-11.3,8.53E+06,2.2,
IC3652,4,190.244108,11.184408,-11.3,5.98E+06,10.3,
UGC7436,4,185.581375,14.760586,-8.9,1.05E+06,14.1,
IC3470,4,188.097304,11.263211,-11.8,1.01E+07,18.9,
UGC7399A,4,185.203154,17.487261,-11.4,6.32E+06,6.9,
IC3735,4,191.3349,13.692706,-11.1,5.50E+06,2.6,
IC3032,4,182.78235,14.275047,-9.2,7.76E+05,2.6,
VCC200,4,184.140379,13.031244,-8.5,4.19E+05,3.6,
IC3509,4,188.548188,12.048858,-9.5,1.13E+06,3.5,
NGC4467,4,187.376113,7.99295,-12.3,1.88E+07,9.7,
IC3383,4,187.051546,10.297692,-10.3,2.27E+06,3.2,
VCC1627,4,188.905137,12.382067,-12.7,3.83E+07,15.8,
IC798,4,188.139158,15.415494,-11.8,1.35E+07,4.8,
IC3103,4,184.368552,9.360451,-11.1,5.28E+06,2.8,
IC3779,4,191.834504,12.16655,-9,6.86E+05,5.6,
IC3292,4,186.201538,18.195078,-10.2,2.18E+06,3.2,
IC3635,4,190.055558,12.874994,-9.9,1.59E+06,4.7,
NGC4309A,4,185.56125,7.167167,-10.1,2.30E+06,2.5,
IC3461,4,188.011446,11.889767,-11,4.33E+06,10.9,
VCC1886,4,190.414217,12.247397,-9.3,9.68E+05,3.1,
VCC1199,4,187.395767,8.057947,-11.7,1.40E+07,5.5,
VCC1539,4,188.528079,12.741597,-10.5,3.07E+06,19.9,
VCC1185,4,187.348067,12.450561,-10.5,2.72E+06,4.3,
IC3490,4,188.307925,10.928536,-9,6.24E+05,4.4,
VCC1661,4,189.103254,10.384653,-11.1,5.08E+06,6.4,
UGC06983,4,179.786392,52.707786,-10,1.60E+06,2.3,
ESO358-5,4,51.819208,-33.486111,-10.5,2.48E+06,4.5,
NGC0300,4,13.722829,-37.684381,-9.8,3.17E+06,2.9,
NGC0428,4,18.232121,0.981581,-11.8,1.87E+07,3.4,
NGC0450,4,18.876958,-0.860828,-12.4,7.76E+06,24.3,
NGC1493,4,59.364092,-46.210739,-12.4,1.07E+07,2.6,
NGC2552,4,124.831583,50.005778,-11.1,4.26E+06,2.2,
NGC2805,4,140.085021,64.102767,-12.6,1.30E+07,7.6,
NGC3346,4,160.912033,14.871983,-10.8,3.77E+06,1.8,
NGC3423,4,162.809754,5.8401,-11.1,3.30E+06,4.2,
NGC3445,4,163.647779,56.990686,-12.4,1.82E+07,3.7,
NGC4411b,4,186.696733,8.884567,-12.4,8.47E+06,9,
NGC4625,4,190.469587,41.273719,-10.8,1.85E+06,28.8,
NGC4701,4,192.298171,3.388728,-13,1.59E+07,2.4,
NGC4775,4,193.440446,-6.622147,-13.5,2.47E+07,4.2,
NGC5068,4,199.728363,-21.0391,-10.3,5.12E+06,7.5,
NGC5585,4,214.95085,56.72905,-10.8,2.24E+06,3.3,
NGC5668,4,218.351379,4.450486,-12.3,1.05E+07,4.4,
NGC5964,4,234.401583,5.973583,-11.5,1.02E+07,5,
NGC6509,4,269.855287,6.287067,-11.9,1.60E+07,2.8,
UGC3574,4,103.293571,57.177761,-11.1,3.74E+06,7.7,
UGC12732,4,355.1665,26.236056,-10.1,3.38E+06,3.9,
NGC104,5,6.022329,-72.081444,-9.4,1.12E+06,4.1,11
NGC288,5,13.1885,-26.582611,-6.8,7.08E+04,5.7,2.9
NGC362,5,15.809417,-70.848778,-8.4,3.39E+05,2,6.4
NGC1261,5,48.067542,-55.216222,-7.8,1.59E+05,3.3,
Pal1,5,53.3335,79.581056,-2.5,4.68E+03,1.4,
AM1,5,58.76125,-49.614444,-4.7,1.10E+04,17.6,
Pal2,5,71.524625,31.3815,-8,7.08E+05,2.6,
NGC1851,5,78.528167,-40.046556,-8.3,3.09E+05,1.8,10.4
NGC1904,5,81.044125,-24.52425,-7.9,1.59E+05,2.4,5.3
NGC2298,5,102.247542,-36.005306,-6.3,3.09E+04,2.4,
NGC2419,5,114.535458,38.881917,-9.4,8.91E+05,19.9,4
NGC2808,5,138.012917,-64.8635,-9.4,8.51E+05,2.2,13.4
Pal3,5,151.379,0.070944,-5.7,4.47E+04,17.4,
NGC3201,5,154.403417,-46.412472,-7.4,1.10E+05,3.9,5
Pal4,5,172.32,28.973611,-3.1,3.80E+04,16.3,
NGC4147,5,182.525621,18.542161,-6.2,4.57E+04,2.7,2.6
NGC4590,5,189.866583,-26.744056,-7.4,9.12E+04,4.5,2.5
NGC5024,5,198.230208,18.168167,-8.7,4.47E+05,6.8,4.4
NGC5053,5,199.112875,17.70025,-6.8,6.31E+04,12.4,1.4
NGC5139,5,201.697,-47.479472,-10.3,2.34E+06,7.7,16.8
NGC5272,5,205.548417,28.377278,-8.9,3.80E+05,7,5.5
NGC5286,5,206.611708,-51.37425,-8.7,4.47E+05,2.3,8.1
NGC5466,5,211.363708,28.534444,-7,5.89E+04,10.6,1.7
NGC5634,5,217.405333,-5.976417,-7.7,1.38E+05,6.3,
NGC5694,5,219.902167,-26.538333,-7.8,2.14E+05,4,5.8
IC4499,5,225.077375,-82.213778,-7.3,1.26E+05,9.4,2.5
NGC5824,5,225.994217,-33.068528,-8.9,6.46E+05,4.2,11.6
Pal5,5,229.022083,-0.111389,-5.2,1.48E+04,18.4,1.1
NGC5897,5,229.351667,-21.010111,-7.2,1.02E+05,7.4,
NGC5904,5,229.638417,2.081028,-8.8,4.47E+05,3.9,5.5
NGC5986,5,236.5125,-37.786417,-8.4,2.82E+05,3,
Pal14,5,242.745833,14.961667,-4.8,1.23E+04,25.1,0.4
NGC6093,5,244.260042,-22.976083,-8.2,2.75E+05,1.8,12.4
NGC6121,5,245.89675,-26.52575,-7.2,1.12E+05,2.8,4
NGC6101,5,246.4505,-72.202194,-6.9,5.75E+04,4.7,
NGC6139,5,246.916613,-38.849175,-8.4,3.24E+05,2.5,
NGC6171,5,248.13275,-13.053778,-7.1,7.94E+04,3.2,4.1
NGC6205,5,250.423475,36.461319,-8.6,3.72E+05,3.8,7.1
NGC6229,5,251.744338,47.526772,-8.1,2.29E+05,3.2,
NGC6218,5,251.809083,-1.948528,-7.3,8.91E+04,2.5,4.5
NGC6235,5,253.355667,-22.177444,-6.3,6.92E+04,3.3,
NGC6254,5,254.287708,-4.100306,-7.5,1.51E+05,2.5,6.6
NGC6266,5,255.3025,-30.112361,-9.2,7.24E+05,1.8,14.3
NGC6273,5,255.657042,-26.267944,-9.1,6.92E+05,3.3,
NGC6287,5,256.289458,-22.707889,-7.4,1.15E+05,2,
NGC6316,5,259.155917,-28.14,-8.3,2.34E+05,2.1,
NGC6341,5,259.280792,43.135944,-8.2,2.69E+05,2.4,6
NGC6333,5,259.799083,-18.51625,-7.9,2.14E+05,2.2,
NGC6356,5,260.895792,-17.813028,-8.5,5.89E+05,3.6,
NGC6366,5,261.934333,-5.079861,-5.7,6.03E+04,3.1,1.3
NGC6362,5,262.979125,-67.048333,-6.9,1.07E+05,4.5,2.8
NGC6388,5,264.072754,-44.73565,-9.4,1.05E+06,1.5,18.9
NGC6402,5,264.400625,-3.245917,-9.1,6.31E+05,3.5,
NGC6440,5,267.219458,-20.359583,-8.8,5.89E+05,1.2,
NGC6441,5,267.554417,-37.051444,-9.6,1.45E+06,2,18
NGC6496,5,269.765333,-44.265944,-7.2,5.75E+04,3.4,
NGC6535,5,270.960458,-0.297639,-4.8,3.39E+03,1.7,2.4
NGC6528,5,271.206708,-30.055778,-6.6,1.20E+05,0.9,
NGC6539,5,271.20725,-7.585861,-8.3,3.02E+05,4.2,
NGC6541,5,272.009833,-43.714889,-8.5,2.09E+05,2.2,8.2
NGC6553,5,272.315333,-25.90775,-7.8,3.16E+05,1.8,
IC1276,5,272.684417,-7.207583,-6.7,1.26E+05,3.7,
NGC6569,5,273.412,-31.826444,-8.3,2.82E+05,2.5,
NGC6584,5,274.656667,-52.215778,-7.7,1.05E+05,2.8,
NGC6638,5,277.734375,-25.496417,-7.1,1.32E+05,1.4,
NGC6637,5,277.84625,-32.348083,-7.6,2.46E+05,2.2,
NGC6652,5,278.940125,-32.990722,-6.7,5.75E+04,1.4,
NGC6656,5,279.09975,-23.90475,-8.5,3.63E+05,3.1,7.8
NGC6712,5,283.268,-8.705972,-7.5,1.70E+05,2.7,4.3
NGC6715,5,283.763875,-30.479861,-10,1.95E+06,6.4,10.5
NGC6723,5,284.888125,-36.63225,-7.8,1.91E+05,3.9,
NGC6760,5,287.80025,1.030472,-7.8,2.75E+05,2.7,
NGC6779,5,289.148208,30.183472,-7.4,1.48E+05,3.2,4
Terzan7,5,289.433,-34.657722,-5,5.50E+04,5.2,
Pal10,5,289.50875,18.571667,-5.8,5.50E+05,4.2,
NGC6809,5,294.998792,-30.96475,-7.6,9.77E+04,4.4,4
Pal11,5,296.31,-8.007222,-6.9,5.01E+05,5.5,
NGC6864,5,301.520171,-21.922261,-8.6,4.47E+05,2.8,10.3
NGC6934,5,308.547375,7.404472,-7.4,1.59E+05,3.1,5.1
NGC6981,5,313.365417,-12.537306,-7,1.00E+05,4.6,
NGC7006,5,315.372771,16.187914,-7.7,1.59E+05,5.3,
NGC7089,5,323.362583,-0.82325,-9,6.92E+05,3.6,8.2
Pal12,5,326.661833,-21.252611,-4.5,5.62E+03,9.5,
NGC7492,5,347.111167,-15.611472,-5.8,2.75E+04,8.6,1.2
AU010,5,10.742179,41.281242,-7.6,1.24E+05,2,8
B005-G052,5,10.084663,40.732864,-9.3,1.15E+06,2.3,17.3
B006-G058,5,10.110367,41.457419,-9.4,1.18E+06,1.9,13.2
B008-G060,5,10.126204,41.269092,-8.6,3.10E+05,3.2,7.6
B010-G062,5,10.131525,41.239594,-8.4,2.70E+05,6.7,6.7
B012-G064,5,10.135275,41.362286,-9.8,1.00E+06,3.6,20.4
B013-G065,5,10.16015,41.423256,-7.8,2.05E+05,6.5,5
B017-G070,5,10.202983,41.202003,-9.9,1.32E+06,3.1,13.2
B019-G072,5,10.218871,41.314836,-10.2,1.91E+06,2.7,19.3
B020-G073,5,10.230254,41.69035,-9.7,1.63E+06,3.2,16.9
B020D-G089,5,10.321825,41.135886,-8.5,2.35E+05,2.8,7.6
B021-G075,5,10.245837,41.094189,-8.4,3.40E+05,2.9,5.7
B023-G078,5,10.254946,41.229386,-11.4,6.79E+06,3.5,33
B025-G084,5,10.302337,41.007828,-8.8,3.56E+05,1.7,10
B026-G086,5,10.310646,41.411164,-7.8,2.35E+05,2.4,5.4
B027-G087,5,10.310525,40.930814,-9.4,7.98E+05,3,13.6
B028-G088,5,10.318679,40.98425,-8.2,2.52E+05,2.4,6.7
B029-G090,5,10.324342,41.006344,-8.6,6.48E+05,5,7.1
B030-G091,5,10.328025,40.954342,-9.1,6.63E+05,2,8.9
B031-G092,5,10.337167,40.984508,-7.7,2.05E+05,1.8,6.4
B034-G096,5,10.367138,40.897117,-9.5,1.32E+06,2.2,14.3
B035,5,10.385775,41.642417,-7.6,1.83E+05,1.3,6.9
B036,5,10.3868,41.434775,-7.9,2.15E+05,1.9,6.6
B037-V327,5,10.395821,41.248661,-10.7,6.34E+06,4.1,21.2
B038-G098,5,10.399821,41.320808,-9.2,4.28E+05,1.9,12.9
B039-G101,5,10.407838,41.347261,-10.1,1.59E+06,2.8,15.4
B042-G104,5,10.423625,41.123969,-10.7,2.05E+06,2,24.9
B045-G108,5,10.429617,41.572219,-9.2,8.35E+05,2.9,10.6
B045D,5,10.541158,41.354033,-6.8,7.44E+04,1.2,2.6
B050-G113,5,10.442779,41.538467,-8.5,3.48E+05,1.7,8.9
B056-G117,5,10.46315,40.961128,-7.9,4.49E+05,1.9,6.9
B057-G118,5,10.470138,40.867981,-7.2,9.16E+04,2.7,6
B058-G119,5,10.470867,40.786014,-9.9,1.35E+06,2.3,23
B060-G121,5,10.487525,41.087333,-8.2,2.52E+05,1.8,8.2
B063-G124,5,10.503633,41.485981,-10.1,2.15E+06,2.4,18.2
B065-G126,5,10.508062,40.670278,-8.1,2.00E+05,2.7,6.5
B067-G129,5,10.513204,41.073228,-7.5,1.18E+05,3.5,8.2
B068-G130,5,10.513363,40.980592,-9.4,1.21E+06,2.6,11.7
B070-G133,5,10.528721,41.132336,-8.3,1.49E+05,2.5,10.6
B073-G134,5,10.530487,40.989211,-8.9,7.62E+05,1.4,12
B074-G135,5,10.533504,41.722672,-8.3,2.64E+05,2.9,7.1
B076-G138,5,10.542704,41.089458,-8.2,2.58E+05,2.1,9.3
B080-G141,5,10.551538,41.316914,-9,5.27E+05,3.7,7
B082-G144,5,10.565983,41.020633,-11.3,4.49E+06,2.8,28.2
B083-G146,5,10.5685,41.755767,-8.5,1.79E+05,5.6,4
B085-G147,5,10.576008,40.665872,-8.1,2.00E+05,2.5,7.5
B086-G148,5,10.577721,41.233925,-9.8,9.59E+05,3,20.8
B087D,5,10.745538,41.152453,-7.3,2.30E+05,2.1,6.6
B088-G150,5,10.587762,41.537278,-10.5,1.71E+06,3.9,17.1
B090,5,10.587983,41.04935,-6.2,1.03E+05,1.8,5.7
B091D-D058,5,10.756025,41.504764,-9.8,1.52E+06,1.3,20.9
B093-G155,5,10.596392,41.362103,-8.8,4.81E+05,2.7,8.5
B094-G156,5,10.604346,40.954892,-9.5,1.29E+06,1.9,12.9
B095-G157,5,10.60775,41.093408,-9.7,1.05E+06,3,10.5
B096-G158,5,10.608667,41.320775,-9.8,1.08E+06,1.6,13.7
B097-G159,5,10.614396,41.425606,-8.7,4.09E+05,1.9,9.3
B098,5,10.614146,40.993294,-8.8,5.03E+05,1.2,11.5
B103-G165,5,10.623879,41.299339,-10.4,2.20E+06,2.3,18
B104-NB5,5,10.624883,41.290433,-7.6,1.00E+05,4,6.7
B107-G169,5,10.630229,41.327464,-9.3,8.55E+05,2.8,19.1
B109-G170,5,10.634029,41.174408,-8.5,8.35E+05,2.3,9.5
B110-G172,5,10.637937,41.057878,-9.6,1.56E+06,2.2,21.2
B111-G173,5,10.638213,41.007317,-8.3,2.30E+05,1.9,10.2
B112-G174,5,10.638513,41.295106,-8.3,1.10E+06,2.2,11.4
B114-G175,5,10.642929,41.212514,-7.5,4.00E+05,1.6,3.9
B115-G177,5,10.64335,41.233853,-8.7,1.32E+06,1.8,13.6
B116-G178,5,10.643933,41.547547,-9.9,1.29E+06,1.8,16.8
B117-G176,5,10.6433,40.952514,-7.8,2.77E+05,3,10
B119-NB14,5,10.650338,41.293164,-7.6,2.64E+05,5.1,6.6
B123-G182,5,10.669446,41.175919,-7.3,1.87E+05,1.8,7.4
B124-NB10,5,10.672667,41.256572,-9.9,3.18E+06,1.6,27.4
B125-G183,5,10.676083,41.091931,-8.3,3.10E+05,3.8,9.5
B126-G184,5,10.682004,41.211861,-7.7,1.56E+05,2.3,8
B127-G185,5,10.685408,41.244836,-10.4,3.48E+06,2.6,24.2
B128-G187,5,10.69915,41.187153,-8.2,3.65E+05,1.8,9.3
B130-G188,5,10.703596,41.497903,-9,4.09E+05,2.9,10.6
B131-G189,5,10.711671,41.285422,-9.6,1.10E+06,1.8,19.2
B134-G190,5,10.715325,41.234283,-8.2,3.65E+05,6.3,8
B135-G192,5,10.716596,41.518878,-9.4,7.11E+05,2.4,16.8
B138,5,10.731729,41.309678,-8.2,4.00E+05,0.7,11.7
B140-G196,5,10.744796,41.147975,-7.2,2.25E+05,3.8,4.7
B141-G197,5,10.747013,41.546494,-8.6,3.03E+05,3.7,8.4
B143-G198,5,10.748546,41.322025,-8.9,8.75E+05,1.4,13.8
B144,5,10.749429,41.268208,-8.4,7.44E+05,1.4,10.9
B146,5,10.762171,41.256253,-8,3.65E+05,2.5,8.9
B147-G199,5,10.763779,41.355981,-8.9,1.13E+06,2.3,10.8
B148-G200,5,10.7661,41.301311,-9.6,6.95E+05,1.9,17
B149-G201,5,10.772792,41.574197,-8.6,3.82E+05,3.8,10.3
B150-G203,5,10.781317,41.33875,-8.4,6.34E+05,2.1,9.3
B151-G205,5,10.789821,41.358886,-10.8,4.00E+06,2.9,26.9
B152-G207,5,10.791733,41.304386,-8.9,7.62E+05,2.3,10.3
B153,5,10.794254,41.247586,-9,7.27E+05,1.4,16.3
B154-G208,5,10.801896,41.268022,-8.3,3.82E+05,3.2,7.3
B155-G210,5,10.805842,41.057839,-6.9,1.59E+05,1.1,6.5
B158-G213,5,10.810025,41.122578,-10.2,2.30E+06,2.2,25.5
B161-G215,5,10.814233,41.190319,-8.7,4.09E+05,2.2,11.1
B162-G216,5,10.818375,41.401236,-7.9,3.73E+05,2.5,5.8
B163-G217,5,10.8235,41.462475,-10.1,2.96E+06,2,21
B164-V253,5,10.825683,41.208153,-7.4,1.91E+05,1.7,6.3
B165-G218,5,10.8259,41.181878,-8.5,2.41E+05,3.3,8.4
B167,5,10.838017,41.235592,-7.7,1.52E+05,1.1,8.4
B168,5,10.843858,41.734878,-8.4,5.39E+05,2.2,10.1
B169,5,10.845837,41.257042,-8.5,3.56E+05,1.6,8
B170-G221,5,10.847867,40.844875,-7.7,1.79E+05,1.7,6
B171-G222,5,10.856687,41.260314,-9.8,1.83E+06,2.2,16.9
B174-G226,5,10.876262,41.648931,-9.9,1.42E+06,5.1,14.9
B176-G227,5,10.876992,40.819694,-8,2.64E+05,6,6.4
B177-G228,5,10.877129,41.095092,-6.7,7.11E+04,1.2,4.9
B179-G230,5,10.879629,41.304067,-9.4,9.16E+05,2.7,13.3
B180-G231,5,10.882221,41.129542,-8.8,5.39E+05,2.1,10.5
B181-G232,5,10.885233,41.485314,-7.9,3.48E+05,2.2,7.3
B182-G233,5,10.9028,41.136711,-10.1,1.35E+06,2.6,20
B183-G234,5,10.903908,41.033981,-9.1,8.35E+05,2.6,10.3
B185-G235,5,10.905358,41.245433,-9.5,1.10E+06,1.9,15.2
B187-G237,5,10.910938,41.496347,-8.3,2.90E+05,3.1,6.5
B190-G241,5,10.930779,41.568267,-8.3,2.70E+05,2.2,8.1
B193-G244,5,10.939596,41.615967,-9.8,1.87E+06,1.9,18.5
B194-G243,5,10.938304,41.102425,-7.8,1.42E+05,1.7,7.7
B196-G246,5,10.952388,40.710239,-7.8,1.45E+05,3.3,5
B199-G248,5,10.957604,40.970806,-7.3,1.03E+05,3.1,4.8
B201-G250,5,10.970179,41.166078,-8.6,5.15E+05,4.9,7.3
B202-G251,5,10.977767,41.008992,-7.3,9.81E+04,3,4.8
B203-G252,5,10.982646,41.543114,-8.3,3.03E+05,3.4,6.4
B206-G257,5,10.994242,41.504992,-9.7,1.26E+06,3.1,16
B208-G259,5,11.000279,41.386567,-7.1,1.71E+05,4.5,5.2
B209-G261,5,11.010958,41.424047,-8.3,2.70E+05,1.4,9.2
B211-G262,5,11.012187,41.334611,-8.1,2.58E+05,2.5,4.6
B212-G263,5,11.012829,41.082297,-9.6,6.95E+05,2.9,13.1
B213-G264,5,11.014633,41.510736,-8.1,3.56E+05,1.7,16.2
B215-G266,5,11.026667,41.528775,-7.7,2.70E+05,2.9,7.8
B217-G269,5,11.044162,41.397511,-8.3,4.19E+05,2.4,7.9
B218-G272,5,11.059696,41.322033,-10.2,2.30E+06,3.2,20
B219-G271,5,11.062688,40.946492,-8.6,4.70E+05,2.2,8.8
B220-G275,5,11.081125,41.509625,-8.3,2.47E+05,5.2,7.1
B221-G276,5,11.096096,41.551761,-8.5,3.56E+05,2.9,8
B224-G279,5,11.112792,41.480475,-9.6,7.62E+05,8.5,9.9
B225-G280,5,11.123167,41.359797,-10.8,4.70E+06,2.2,32
B230-G283,5,11.1466,40.953408,-8.8,3.56E+05,2.1,10.4
B231-G285,5,11.160617,41.463089,-7.5,1.49E+05,1.3,6.9
B232-G286,5,11.167625,41.250117,-9,6.05E+05,2.4,14.3
B234-G290,5,11.193229,41.488269,-7.9,3.48E+05,1.5,9.2
B235-G297,5,11.241321,41.489922,-8.5,6.05E+05,2.1,9.1
B236-G298,5,11.2871,40.841306,-7.1,1.05E+05,3.1,4
B237-G299,5,11.288479,41.37625,-7.7,1.49E+05,5.7,7.1
B238-G301,5,11.311146,41.326917,-8.5,4.19E+05,3.5,7.5
B240-G302,5,11.354333,41.106158,-9.5,9.37E+05,2.8,13.7
B257-V219,5,10.513683,40.970536,-8.7,4.92E+05,2.6,8.3
B266,5,10.764696,41.675339,-7.8,1.67E+05,2.8,4.1
B268,5,10.779967,41.196614,-6.4,1.10E+05,0.8,5.7
B283-G296,5,11.23085,41.283439,-7,1.45E+05,3.4,3.7
B289-000,5,8.587008,41.797539,-8.4,3.25E+05,3.2,9.6
B311-G033,5,9.890521,40.520744,-9.7,1.03E+06,2.5,16.5
B335-V013,5,10.173721,40.641156,-8.6,3.40E+05,5.5,5.6
B338-G076,5,10.245292,40.596608,-10.6,2.58E+06,4.3,22.2
B341-G081,5,10.28815,40.598025,-8.8,4.70E+05,2.4,8.2
B343-G105,5,10.429592,40.20625,-8.4,3.03E+05,3.6,11.1
B350-G162,5,10.618508,40.4142,-8.1,2.35E+05,4.6,6.4
B358-G219,5,10.824421,39.820328,-9.5,7.79E+05,3.5,12.2
B373-G305,5,11.424383,41.759311,-9.1,1.26E+06,2.4,14.3
B379-G312,5,11.495158,40.708714,-8.6,7.11E+05,2.4,9.2
B384-G319,5,11.5914,40.283222,-9.1,8.16E+05,2.6,10.5
B386-G322,5,11.612567,42.031319,-9.2,8.35E+05,2.5,13.2
B405-G351,5,12.415842,41.591583,-9.6,1.08E+06,4,13
B407-G352,5,12.541483,41.683594,-8.8,7.11E+05,2.9,10.5
B472-D064,5,10.951758,41.44805,-9.6,1.08E+06,1.7,18.5
G001-MII,5,8.1939,39.577964,-10.9,4.59E+06,3.2,25.8
G002-MIII,5,8.390742,39.521922,-8.7,4.38E+05,3.2,11.2
UCD14/Firth07-11,5,54.198708,-35.809444,-11.2,4.32E+06,6.4,
UCD15/Firth07-12,5,54.215417,-35.510806,-11,2.99E+06,11.8,
UCD1/Firth07-13,5,54.263458,-35.634639,-12.3,1.97E+07,22.4,29
UCD19,5,54.409542,-35.339056,-10.6,2.37E+06,7,
UCD6/FCOS2-2143,5,54.521167,-35.402667,-12.6,2.27E+07,10.3,28
UCD2/FCOS2-2111/F-1,5,54.526375,-35.483,-12.4,1.50E+07,23.1,22.2
FCOS2-2153/UCDm/F-2/UCD25,5,54.527,-35.384389,-11.5,1.43E+06,23.1,19.9
FCOS2-2134/F-5/UCD28,5,54.545,-35.4295,-11.6,1.37E+07,5,25.4
FCOS0-2023/F-34,5,54.552917,-35.4825,-10.9,4.73E+06,4,15.3
FCOS0-2024/UCD31/F-6,5,54.568792,-35.438694,-11.2,1.80E+06,7.3,14
FCOS0-2089/F-51,5,54.571208,-35.441889,-10.7,4.52E+06,4.2,20.9
UCD33/F-7,5,54.573375,-35.550778,-11.1,4.12E+06,11.4,12.2
FCOS0-2066/F-8/UCD36,5,54.596792,-35.3335,-11.4,1.12E+07,6.7,30.2
FCOS1-2024/UCD39/F-9,5,54.606417,-35.6285,-11.4,7.85E+06,9.1,28.4
FCOS0-2030/F-11,5,54.618083,-35.427306,-11.5,8.22E+06,3.6,23.7
UCD41/FCOS0-2031/F-12,5,54.621,-35.382361,-11.6,9.89E+06,10.3,30
FCOS1-2095/F-17,5,54.640917,-35.4325,-10.9,4.52E+06,3.3,28
UCD43/FCOS1-058,5,54.663917,-35.451611,-10.9,4.32E+06,5.8,
FCOS1-2077/F-53,5,54.669,-35.486111,-10.7,4.32E+06,4.5,14.5
FCOS1-2089/F-59,5,54.703583,-35.462194,-10.5,2.60E+06,5.7,12
UCD3/Firth07-26/FCOS1-2053/F-19,5,54.725208,-35.559333,-13.5,4.96E+07,86.5,27.4
UCD46/Firth07-27/FCOS1-060/F-22,5,54.823625,-35.425056,-11.4,9.02E+06,10,29.1
UCD48,5,54.894917,-35.895611,-11.4,4.52E+06,10.9,
UCD4/Firth07-29/FCOS1-2083/F-24,5,54.899583,-35.4735,-12.6,1.43E+07,29.5,29.1
UCD5/Firth07-31,5,54.968917,-35.073389,-12.1,6.53E+06,25,22.9
UCD50/Firth07-34,5,55.082875,-35.258333,-11,4.52E+06,8.7,
UCD52,5,55.154625,-34.977778,-10.9,2.99E+06,4,
UCD53,5,55.3995,-35.916056,-11.2,4.52E+06,9.3,
H36612,5,187.485833,12.325389,-11.2,4.12E+06,14.5,
VUCD1,5,187.531708,12.608639,-12.4,1.08E+07,12.1,34.1
S1629,5,187.610833,12.345722,-10.8,2.60E+06,26.4,
S1508,5,187.630833,12.423556,-9.1,4.96E+05,42.4,
H55930,5,187.639167,12.498444,-11.7,7.50E+06,28.9,
S1201,5,187.674167,12.394778,-10.1,1.08E+06,29.9,
S999,5,187.691292,12.417167,-11.1,2.48E+06,20.1,25.6
H8005,5,187.692542,12.406472,-10.8,2.37E+06,28.7,9.1
S8006/1316_4,5,187.694167,12.406167,-10.7,2.72E+06,31.7,
S928,5,187.69875,12.408556,-11.5,4.32E+06,23.2,22.4
VUCD2,5,187.701,12.586417,-12.4,9.89E+06,13.1,
S887,5,187.70375,12.365444,-10.2,1.88E+06,10,
S5065/1316_6,5,187.708333,12.402472,-11.1,3.27E+06,26.1,
S825,5,187.7125,12.355417,-9.6,8.22E+05,13.3,
H27916,5,187.715,12.236111,-10.2,1.30E+06,13.7,
S796,5,187.715833,12.348139,-10.5,1.97E+06,15.3,
S723,5,187.724167,12.339389,-9.6,7.50E+05,16.9,
S686,5,187.724167,12.471861,-10.7,2.16E+06,21.2,
S731,5,187.724583,12.286833,-10.2,1.80E+06,24.8,
S682,5,187.727917,12.339611,-9.9,9.02E+05,23.7,
S672,5,187.727917,12.360639,-10.4,1.80E+06,25.9,
H44905,5,187.737917,12.394389,-9.4,6.53E+05,40,
VUCD3/S547,5,187.739167,12.429111,-12.8,4.52E+07,20,42.1
H30772,5,187.742083,12.267278,-10.7,3.27E+06,9.9,
S490,5,187.747083,12.356389,-11,9.89E+06,3.6,42.1
S477,5,187.749583,12.300306,-11.1,2.99E+06,33.5,
S417,5,187.75625,12.323611,-11.8,9.02E+06,14.4,32.9
S348,5,187.764167,12.385,-11.5,4.73E+06,21.4,
VUCD4,5,187.768792,11.943556,-12.4,8.61E+06,23.2,23.9
S314,5,187.77125,12.334444,-10.9,7.16E+06,3.2,35.3
S6004,5,187.7925,12.266972,-9.8,1.08E+06,40.3,
VUCD5,5,187.799583,12.683667,-12.5,2.16E+07,19.2,28.2
H30401,5,187.827917,12.262472,-9.7,8.22E+05,10.7,
VUCD6,5,187.868375,12.417583,-12.2,9.44E+06,17.4,25.2
VUCD7,5,187.970542,12.266528,-13.6,1.64E+07,100.6,38
VUCD8,5,188.018167,12.341861,-12.1,8.61E+06,23.5,
H39168,5,188.152083,12.349194,-8.3,1.08E+06,11,
M59cO,5,190.480542,11.667694,-13.4,7.50E+07,32,28.3
191006,5,194.886458,27.975344,-11.6,1.14E+07,7.8,
120985,5,194.900792,28.020083,-12.2,2.60E+07,42.8,
121666,5,194.913167,28.019786,-12.6,3.76E+07,38.2,
195526,5,194.918292,27.958583,-11.9,2.72E+07,32.5,
195614,5,194.9245,27.980175,-12.1,2.07E+07,22.9,
196790,5,194.937125,27.981703,-12.4,3.13E+07,22.6,
182204,5,194.972792,27.982067,-11.3,9.89E+06,8.6,
242857,5,195.048375,27.922997,-12,1.80E+07,24.8,
160141,5,195.069083,27.974144,-11.6,1.04E+07,6,
161244,5,195.084167,27.967231,-11.8,1.50E+07,4.8,
163341,5,195.1225,27.955506,-12,2.16E+07,19.5,
163400,5,195.128792,27.974436,-11,6.84E+06,54.4,
92415,5,195.134375,28.003525,-11.7,1.08E+07,22,
163575,5,195.135875,27.9863,-12,1.50E+07,12.8,
150880,5,195.151667,27.973408,-11.8,1.30E+07,11,
151072,5,195.157625,27.977944,-12.9,4.32E+07,68.1,
150000,5,195.1665,27.996722,-12.8,4.32E+07,24.3,
81669,5,195.186125,28.029058,-11.6,8.61E+06,17.7,
1041346,5,194.914167,27.977792,-13,2.99E+07,28.3,
1039188,5,194.921667,27.953031,-12.4,2.72E+07,26.4,
1041508,5,194.929375,27.979356,-11.9,1.37E+07,14.4,
1042830,5,195.0075,27.994811,-12.7,2.85E+07,15.2,
2000005,5,195.20325,28.019781,-12.3,9.44E+05,6.7,
1044251,5,195.209542,28.010417,-12,2.07E+07,32.6,
HGHH92-C29/GC0041,5,201.168333,-43.301083,-10.1,2.27E+06,6.8,19.7
HGHH92-C11/GC0077,5,201.2275,-43.023,-10.3,3.13E+06,7.7,19.5
VHH81-C3,5,201.242542,-42.936111,-10.5,3.13E+06,4.2,16.1
f2.GC61/GC0150,5,201.304167,-43.133306,-10,1.43E+06,1.9,19.6
VHH81-C5,5,201.317167,-42.882833,-10.5,1.14E+06,8.8,15.8
HCH99-C2/GC0171,5,201.318333,-43.035194,-10,8.22E+05,11.2,18.8
HGHH92-C6,5,201.342458,-43.046,-11,3.59E+06,4.3,20.7
HCH99-C15/GC0213,5,201.374583,-43.001083,-10.5,2.99E+06,5.7,33.4
HCH99-C18/GC0225,5,201.381667,-43.0005,-11,2.85E+06,13.5,24.1
HGHH92-C17/GC0265,5,201.415,-42.932833,-10.6,1.43E+06,5.6,24.1
HGHH92-C21/GC0320,5,201.469583,-43.096278,-10.3,1.37E+06,6.8,23
HGHH92-C22/GC0326,5,201.472083,-42.985444,-10.1,9.89E+05,3.7,23.1
HGHH92-C23/GC0330,5,201.47625,-42.990389,-11,5.96E+06,3.3,50
HGHH92-C7/GC0365,5,201.521667,-42.942472,-11,2.27E+06,7.4,27.3
Sombrero-UCD1,5,190.013042,-11.667861,-12.3,1.64E+07,14.7,31.9
NGC4649_D68,5,190.910417,11.507639,-10.8,2.37E+06,47.4,
NGC4649_A155,5,190.93542,11.563333,-8.8,4.73E+05,39.5,
NGC4649_A32,5,190.938333,11.555111,-10.6,1.64E+06,36.5,
NGC4649_E91,5,190.88542,11.563361,-8.1,5.96E+05,16.1,
NGC4649_C84,5,190.925,11.58225,-8.5,8.22E+05,15,
NGC4649_C42,5,190.89167,11.6005,-9.7,7.50E+05,14.9,
NGC4649_A122,5,190.94833,11.551111,-8.3,6.53E+05,14.7,
NGC4649_A51,5,190.95417,11.578556,-8.8,1.19E+06,13.8,
NGC4649_C28,5,190.93375,11.588917,-9.9,9.44E+05,13.6,
NGC4649_B139,5,190.95333,11.527583,-8.8,4.32E+05,11.2,
NGC4649_J67,5,190.910417,11.55075,-10.7,1.72E+06,9.8,
NGC4649_J623,5,190.89292,11.562694,-9.6,6.84E+05,6.9,
NGC4649_B8,5,190.950833,11.534806,-11.6,9.89E+06,5.6,
NGC4649_J76,5,190.9125,11.558306,-11.1,5.43E+06,5.6,
NGC4649_A197,5,190.98042,11.556333,-7.6,5.69E+05,5,
M32,5,10.674167,40.865278,-16.7,7.50E+08,113,76
J011257.62+152821.1,5,18.240083,15.472528,-18.1,4.96E+09,560,59
J011258.85+152855.3,5,18.245208,15.482028,-17.7,3.94E+09,430,70
J011300.24+152921.5,5,18.251,15.489306,-17.3,2.27E+09,330,48
J012325.96+014236.2,5,20.858167,1.710056,-16.9,1.57E+09,310,61
J012326.58+014230.3,5,20.86075,1.708417,-18,1.04E+09,440,48
J025744.50+060202.2,5,44.435417,6.033944,-18.4,5.69E+09,420,
A496cE,5,68.405625,-13.255611,-18,4.32E+09,240,103
J091947.87+334604.8,5,139.949458,33.768,-17.5,2.72E+09,320,110
J094729.24+141245.3,5,146.871792,14.212583,-18.5,3.27E+09,499,105
J110404.40+451618.9,5,166.018333,45.271917,-18.2,6.84E+09,390,89
J110947.06+214648.6,5,167.448333,21.780167,-18.1,5.19E+09,490,98
VCC1192,5,187.375833,7.992778,-16.9,1.50E+08,377.1,49.1
VCC1199,5,187.395833,8.058056,-15.7,1.50E+08,166.6,45.5
NGC4486B,5,187.633208,12.490167,-17.8,4.52E+09,180,170
VCC1499,5,188.3325,12.853333,-16.5,4.52E+06,429.7,
VCC1627,5,188.905,12.381944,-16.7,1.37E+08,274.2,47.3
J124853.91-411905.8,5,192.224625,-41.318278,-17.8,3.13E+09,340,
J125923.41+275510.4,5,194.847542,27.919556,-17,1.88E+09,200,108
CcGV19a,5,194.904917,27.972167,-16.4,9.89E+08,208.8,76.1
CcGV19b,5,194.913333,27.998444,-14.6,1.64E+08,99.4,65.8
J125942.30+275529.0,5,194.92625,27.924722,-19.4,1.64E+10,470,177
CcGV12,5,194.926208,28.015306,-14.1,1.25E+08,152.3,42.2
CcGV18,5,194.9995,27.989333,-14.7,1.72E+08,205.8,66.3
CcGV1,5,195.198625,28.09275,-15,2.72E+08,264.6,85.2
CcGV9a,5,195.078542,28.009278,-17.7,2.37E+09,344.1,97.3
CcGV9b,5,195.113792,28.00925,-15.4,4.32E+08,311.5,25.1
NGC5846A,5,226.621667,1.595,-17.8,5.19E+09,520,183
NGC5846cE/J150634.27+013331.6,5,226.642792,1.558778,-16.9,2.27E+09,240,119
J151250.26+072621.9,5,228.209417,7.439417,-18.2,7.16E+09,650,100
J151641.28+070006.1,5,229.172,7.001694,-17.9,4.32E+09,350,117
J231512.62-011458.3,5,348.802583,-1.249528,-17.7,3.59E+09,260,92
J233825.48+270150.1,5,354.606167,27.030583,-13.3,2.99E+07,470,
NGC0524-AIMSS1,6,21.19,9.55725,-12.6,4.96E+07,39.9,31.7
NGC0703-AIMSS1,6,28.17125,36.170667,-15,3.13E+08,164.7,20.7
NGC0741-AIMSS1,6,29.08875,5.629667,-17.6,5.96E+09,311.7,86.2
NGC0821-AIMSS1,6,32.08625,10.990722,-12.1,4.73E+06,6.5,
NGC0821-AIMSS2,6,32.08625,10.982083,-11.1,7.50E+06,8.4,
NGC0839-AIMSS1,6,32.419167,-10.185306,-12.3,5.69E+06,16,
NGC1128-AIMSS1,6,44.42375,6.038639,-15.6,7.50E+08,76,63.9
NGC1128-AIMSS2,6,44.435417,6.033944,-17.9,4.73E+09,484.8,58.1
NGC1132-UCD1,6,43.213333,-1.271889,-14.8,3.27E+08,84.3,80.1
NGC1172-AIMSS1,6,45.401667,-14.847667,-11.6,6.84E+06,6.4,40.7
NGC1172-AIMSS2,6,45.393333,-14.83075,-11,1.72E+06,20.7,
Perseus-UCD13,6,49.937917,41.535,-12.8,2.72E+07,88.6,35
NGC1316-AIMSS1,6,50.652083,-37.182194,-12,4.52E+06,11.3,
NGC1316-AIMSS2,6,50.63875,-37.186972,-10.4,1.57E+06,8.3,
NGC2768-AIMSS1,6,137.903333,60.071139,-12.1,5.43E+06,6.4,38.1
NGC2832-AIMSS1,6,139.942917,33.762917,-14.9,2.37E+08,46.4,111.3
NGC2832-cE,6,139.94958,33.768028,-17.8,2.27E+09,375.3,100.5
NGC2892-AIMSS1,6,143.22458,67.615139,-18.9,1.09E+10,580.9,137.5
NGC3115-AIMSS1,6,151.315833,-7.714333,-11.3,1.08E+07,8.6,36.9
NGC3268-AIMSS1,6,157.500417,-35.338722,-12.7,3.43E+07,25.6,
NGC3268-cE1/FS90-192,6,157.52125,-35.342222,-15.9,1.30E+08,299.9,36.8
NGC3923-UCD1,6,177.767083,-28.8055,-12.4,1.97E+07,12.3,33
NGC3923-UCD2,6,177.732917,-28.805111,-11.9,6.53E+06,13,23.1
NGC3923-UCD3,6,177.771667,-28.816361,-11.3,2.37E+06,14.1,15.5
NGC4350-AIMSS1,6,185.99625,16.685528,-12.2,1.57E+07,15.4,25.5
NGC4546-UCD1,6,188.869583,-3.789194,-12.9,3.59E+07,25.5,21.8
NGC4565-AIMSS1,6,189.155,25.962306,-12.4,8.22E+06,17.4,13.8
NGC4621-AIMSS1,6,190.470417,11.629972,-11.9,1.64E+07,10.2,33.9
M60-UCD1,6,190.9,11.534611,-14.2,1.80E+08,27.2,61.6
ESO383-G076-AIMSS1,6,206.855833,-32.882306,-15.5,4.96E+08,86.1,
ESO383-G076-AIMSS2,6,206.85542,-32.886083,-17.4,2.60E+09,652.2,87.8
NGC7014-AIMSS1,6,316.964583,-47.190444,-15.2,2.99E+08,329.8,20.6
NGC0034-SS1,7,2.779167,-12.106056,-15.4,3.13E+07,39,
NGC0034-SS2,7,2.77875,-12.108778,-14.7,2.37E+07,31.9,
NGC1316-G114,7,50.676667,-37.211528,-12.8,2.72E+07,4.1,42.1
NGC7252-W3,7,335.182083,-24.677222,-16.3,1.25E+08,17.7,45.5
NGC7252-W6,7,335.183333,-24.674361,-14.5,2.37E+07,5.1,
NGC7252-W26,7,335.188333,-24.6765,-13.8,1.37E+07,11.9,
NGC7252-W30,7,335.189167,-24.68125,-14.7,2.72E+07,8.3,27.5
